Terms, Image
Appliances,https://content.abt.com/image.php?width=150&height=110&canvas&image=/images/dcat_appliances.png
Appliances|Appliance Accessories,https://content.abt.com/image.php?width=150&height=110&canvas&image=/images/dcat_appliance_accessories.jpg
Appliances|Appliance Accessories|Appliance Power Cords,https://content.abt.com/image.php?width=150&height=110&canvas&image=/images/dcat_appliance_power_cords.jpg
Appliances|Appliance Accessories|Cleaning Products,https://content.abt.com/image.php?width=150&height=110&canvas&image=
Appliances|Appliance Accessories|Dishwasher Accessories,https://content.abt.com/image.php?width=150&height=110&canvas&image=/images/dcat_dishwasher_accessories.jpg
Appliances|Appliance Accessories|Installation Accessories,https://content.abt.com/image.php?width=150&height=110&canvas&image=/images/dcat_laundry_misc-acc.jpg
Appliances|Appliance Accessories|Microwave/Micro Hood Accessories,https://content.abt.com/image.php?width=150&height=110&canvas&image=/images/dcat_microwave_micro_hood_accessories.jpg
Appliances|Appliance Accessories|Mounting Kits,https://content.abt.com/image.php?width=150&height=110&canvas&image=
Appliances|Appliance Accessories|Range Hood Accessories,https://content.abt.com/image.php?width=150&height=110&canvas&image=/images/dcat_range_hood_accessories.jpg
Appliances|Appliance Accessories|Refrigerator Accessories,https://content.abt.com/image.php?width=150&height=110&canvas&image=/images/dcat-refrigerator-accessories.jpg
Appliances|Appliance Accessories|Stove & Range Accessories,https://content.abt.com/image.php?width=150&height=110&canvas&image=/images/dcat_cooktop_accessories.jpg
Appliances|Appliance Accessories|Trash Compactor Accessories,https://content.abt.com/image.php?width=150&height=110&canvas&image=/images/dcat_trash_compactor_accessories.jpg
Appliances|Appliance Accessories|Water Filters,https://content.abt.com/image.php?width=150&height=110&canvas&image=/images/dcat_water_filters.jpg
Appliances|Home Solutions,https://content.abt.com/image.php?width=150&height=110&canvas&image=/images/dcat_home.jpg
Appliances|Home Solutions|Generators,https://content.abt.com/image.php?width=150&height=110&canvas&image=/images/products/BDP_Images/big_6515.jpg
Appliances|Home Solutions|Hair Dryers,https://content.abt.com/image.php?width=150&height=110&canvas&image=/images/dcat-hair-dryers.jpg
Appliances|Home Solutions|Hand Dryers,https://content.abt.com/image.php?width=150&height=110&canvas&image=/images/dcat_hand_dryers.jpg
"Appliances|Home Solutions|Heating, Cooling & Air Quality",https://content.abt.com/image.php?width=150&height=110&canvas&image=/images/dcat_heating-cooling-air-quality.jpg
"Appliances|Home Solutions|Heating, Cooling & Air Quality|Air Conditioners",https://content.abt.com/image.php?width=150&height=110&canvas&image=/images/dcat_air_conditioners.jpg
"Appliances|Home Solutions|Heating, Cooling & Air Quality|Air Conditioners|Air Conditioner Parts & Accessories",https://content.abt.com/image.php?width=150&height=110&canvas&image=/images/dcat_air_conditioner_accessories.jpg
"Appliances|Home Solutions|Heating, Cooling & Air Quality|Air Conditioners|Casement Window Air Conditioners",https://content.abt.com/image.php?width=150&height=110&canvas&image=/images/dcat_casement_air_conditioners.jpg
"Appliances|Home Solutions|Heating, Cooling & Air Quality|Air Conditioners|Central Air Conditioning Units",https://content.abt.com/image.php?width=150&height=110&canvas&image=/images/dcat_central_air_conditioners.jpg
"Appliances|Home Solutions|Heating, Cooling & Air Quality|Air Conditioners|Portable Air Conditioners",https://content.abt.com/image.php?width=150&height=110&canvas&image=/images/dcat_portable_air_conditioners.jpg
"Appliances|Home Solutions|Heating, Cooling & Air Quality|Air Conditioners|Wall Air Conditioners",https://content.abt.com/image.php?width=150&height=110&canvas&image=/images/dcat_wall_air_conditioners.jpg
"Appliances|Home Solutions|Heating, Cooling & Air Quality|Air Conditioners|Window Air Conditioners",https://content.abt.com/image.php?width=150&height=110&canvas&image=/images/dcat-window-air-conditioners.jpg
"Appliances|Home Solutions|Heating, Cooling & Air Quality|Air Purifier Filters",https://content.abt.com/image.php?width=150&height=110&canvas&image=/images/dcat_air_purifier_filters.jpg
"Appliances|Home Solutions|Heating, Cooling & Air Quality|Air Purifiers",https://content.abt.com/image.php?width=150&height=110&canvas&image=/images/dcat_air_purifiers.jpg
"Appliances|Home Solutions|Heating, Cooling & Air Quality|Ceiling Fans",https://content.abt.com/image.php?width=150&height=110&canvas&image=/images/dcat_ceiling-fans.jpg
"Appliances|Home Solutions|Heating, Cooling & Air Quality|Central Cooling & Heating",https://content.abt.com/image.php?width=150&height=110&canvas&image=/images/dcat_hvac.jpg
"Appliances|Home Solutions|Heating, Cooling & Air Quality|Central Cooling & Heating|Boilers",https://content.abt.com/image.php?width=150&height=110&canvas&image=/images/dcat-boilers.jpg
"Appliances|Home Solutions|Heating, Cooling & Air Quality|Central Cooling & Heating|Furnaces",https://content.abt.com/image.php?width=150&height=110&canvas&image=/images/dcat_furnaces.jpg
"Appliances|Home Solutions|Heating, Cooling & Air Quality|Dehumidifiers",https://content.abt.com/image.php?width=150&height=110&canvas&image=/images/dcat-dehumidifiers.jpg
"Appliances|Home Solutions|Heating, Cooling & Air Quality|Humidifier Accessories",https://content.abt.com/image.php?width=150&height=110&canvas&image=/images/dcat_humidifier_accessories.jpg
"Appliances|Home Solutions|Heating, Cooling & Air Quality|Humidifiers",https://content.abt.com/image.php?width=150&height=110&canvas&image=/images/dcat_humidifiers.jpg
"Appliances|Home Solutions|Heating, Cooling & Air Quality|Mini Split System Air Conditioners",https://content.abt.com/image.php?width=150&height=110&canvas&image=/images/dcat-mini-split-systems.jpg
"Appliances|Home Solutions|Heating, Cooling & Air Quality|Portable Fans",https://content.abt.com/image.php?width=150&height=110&canvas&image=/images/dcat_fans.jpg
"Appliances|Home Solutions|Heating, Cooling & Air Quality|Space Heaters",https://content.abt.com/image.php?width=150&height=110&canvas&image=/images/dcat_space-heaters.jpg
Appliances|Home Solutions|Paper Shredders,https://content.abt.com/image.php?width=150&height=110&canvas&image=/images/dcat_paper_shredders.jpg
Appliances|Home Solutions|Sump Pumps,https://content.abt.com/image.php?width=150&height=110&canvas&image=/images/dcat_sump-pumps.jpg
Appliances|Home Solutions|Vacuums & Floor Care,https://content.abt.com/image.php?width=150&height=110&canvas&image=/images/dcat-vacuums-floor-care.jpg
Appliances|Home Solutions|Vacuums & Floor Care|Canister Vacuums,https://content.abt.com/image.php?width=150&height=110&canvas&image=/images/dcat_canister_vacuums.jpg
Appliances|Home Solutions|Vacuums & Floor Care|Carpet Cleaners - Steam Cleaners,https://content.abt.com/image.php?width=150&height=110&canvas&image=/images/dcat_steam_vacuums_steam_cleaners.jpg
Appliances|Home Solutions|Vacuums & Floor Care|Central Vacuum Systems,https://content.abt.com/image.php?width=150&height=110&canvas&image=/images/dcat_central-vacuum.jpg
Appliances|Home Solutions|Vacuums & Floor Care|Handheld & Stick Vacuums,https://content.abt.com/image.php?width=150&height=110&canvas&image=/images/dcat_stick_vacuums.jpg
Appliances|Home Solutions|Vacuums & Floor Care|Robotic Vacuums,https://content.abt.com/image.php?width=150&height=110&canvas&image=/images/dcat_Irobot.jpg
Appliances|Home Solutions|Vacuums & Floor Care|Upright Vacuums,https://content.abt.com/image.php?width=150&height=110&canvas&image=/images/dcat_upright_vacuums.jpg
Appliances|Home Solutions|Vacuums & Floor Care|Vacuum & Floor Care Accessories,https://content.abt.com/image.php?width=150&height=110&canvas&image=/images/dcat_vacuum_accessories.jpg
Appliances|Home Solutions|Vacuums & Floor Care|Vacuum & Floor Care Accessories|Steam Cleaner Accessories,https://content.abt.com/image.php?width=150&height=110&canvas&image=/images/dcat_steamcleaner-acc.jpg
Appliances|Home Solutions|Vacuums & Floor Care|Vacuum & Floor Care Accessories|Vacuum Attachments,https://content.abt.com/image.php?width=150&height=110&canvas&image=/images/dcat_vacuum-attach.jpg
Appliances|Home Solutions|Vacuums & Floor Care|Vacuum & Floor Care Accessories|Vacuum Bags,https://content.abt.com/image.php?width=150&height=110&canvas&image=/images/dcat_vacuum-bags.jpg
Appliances|Home Solutions|Vacuums & Floor Care|Vacuum & Floor Care Accessories|Vacuum Belts,https://content.abt.com/image.php?width=150&height=110&canvas&image=/images/dcat_vacuum-belts.jpg
Appliances|Home Solutions|Vacuums & Floor Care|Vacuum & Floor Care Accessories|Vacuum Filters,https://content.abt.com/image.php?width=150&height=110&canvas&image=/images/dcat_vacuum-filters.jpg
Appliances|Home Solutions|Vacuums & Floor Care|Wet Dry Vacuums,https://content.abt.com/image.php?width=150&height=110&canvas&image=/images/dcat_wet-dry-vacs.jpg
Appliances|Home Solutions|Water Dispensers,https://content.abt.com/image.php?width=150&height=110&canvas&image=/images/dcat_water_dispensers.jpg
Appliances|Home Solutions|Water Heaters,https://content.abt.com/image.php?width=150&height=110&canvas&image=/images/dcat_water_heaters.jpg
Appliances|Kitchen,https://content.abt.com/image.php?width=150&height=110&canvas&image=/images/dcat_kitchen.jpg
Appliances|Kitchen|ADA Compliant Appliances,https://content.abt.com/image.php?width=150&height=110&canvas&image=/images/dcat_ada.jpg
Appliances|Kitchen|Cooktops & Rangetops,https://content.abt.com/image.php?width=150&height=110&canvas&image=/images/dcat_cooktops.jpg
Appliances|Kitchen|Cooktops & Rangetops|Electric Cooktops,https://content.abt.com/image.php?width=150&height=110&canvas&image=/images/dcat-electric-cooktop-stove-top.jpg
Appliances|Kitchen|Cooktops & Rangetops|Gas Cooktops,https://content.abt.com/image.php?width=150&height=110&canvas&image=/images/dcat-gas-cooktop-stove-top.jpg
Appliances|Kitchen|Cooktops & Rangetops|Induction Cooktops,https://content.abt.com/image.php?width=150&height=110&canvas&image=/images/dcat-induction-cooktop.jpg
Appliances|Kitchen|Cooktops & Rangetops|Rangetops,https://content.abt.com/image.php?width=150&height=110&canvas&image=/images/dcat-range-tops.jpg
Appliances|Kitchen|Dishwashers,https://content.abt.com/image.php?width=150&height=110&canvas&image=/images/dcat_dishwashers.jpg
Appliances|Kitchen|Dishwashers|Built In Dishwashers,https://content.abt.com/image.php?width=150&height=110&canvas&image=/images/dcat_under_counter_dishwashers.jpg
Appliances|Kitchen|Dishwashers|Portable Dishwashers,https://content.abt.com/image.php?width=150&height=110&canvas&image=/images/dcat_portable_dishwashers.jpg
Appliances|Kitchen|Disposals & Compactors,https://content.abt.com/image.php?width=150&height=110&canvas&image=/images/dcat_trash_compactors.jpg
Appliances|Kitchen|Disposals & Compactors|Garbage Disposals,https://content.abt.com/image.php?width=150&height=110&canvas&image=/images/dcat_garbage_disposals.jpg
Appliances|Kitchen|Disposals & Compactors|Trash Compactors,https://content.abt.com/image.php?width=150&height=110&canvas&image=/images/dcat_trash_compactors.jpg
Appliances|Kitchen|Freezers & Ice Makers,https://content.abt.com/image.php?width=150&height=110&canvas&image=/images/dcat_freezers.jpg
Appliances|Kitchen|Freezers & Ice Makers|Built-In Ice Makers,https://content.abt.com/image.php?width=150&height=110&canvas&image=/images/dcat_built_in_ice_makers.jpg
Appliances|Kitchen|Freezers & Ice Makers|Chest Freezers,https://content.abt.com/image.php?width=150&height=110&canvas&image=/images/dcat_chest_freezers.jpg
Appliances|Kitchen|Freezers & Ice Makers|Commercial Freezers,https://content.abt.com/image.php?width=150&height=110&canvas&image=
Appliances|Kitchen|Freezers & Ice Makers|Ice Maker Kits,https://content.abt.com/image.php?width=150&height=110&canvas&image=/images/dcat_ice_maker_kits.jpg
Appliances|Kitchen|Freezers & Ice Makers|Ice Makers,https://content.abt.com/image.php?width=150&height=110&canvas&image=/images/dcat_ice_makers.jpg
Appliances|Kitchen|Freezers & Ice Makers|Undercounter Freezers,https://content.abt.com/image.php?width=150&height=110&canvas&image=/images/dcat_under_counter_freezers.jpg
Appliances|Kitchen|Freezers & Ice Makers|Upright Freezers,https://content.abt.com/image.php?width=150&height=110&canvas&image=/images/dcat_upright_freezers.jpg
Appliances|Kitchen|Hoods & Downdrafts,https://content.abt.com/image.php?width=150&height=110&canvas&image=/images/dcat_hoods.jpg
Appliances|Kitchen|Hoods & Downdrafts|Custom Hood Ventilation,https://content.abt.com/image.php?width=150&height=110&canvas&image=/images/dcat_custom_hood.jpg
Appliances|Kitchen|Hoods & Downdrafts|Downdrafts,https://content.abt.com/image.php?width=150&height=110&canvas&image=/images/dcat_downdrafts.jpg
Appliances|Kitchen|Hoods & Downdrafts|Hood Inserts,https://content.abt.com/image.php?width=150&height=110&canvas&image=/images/dcat_custom_hood_ventilation.jpg
Appliances|Kitchen|Hoods & Downdrafts|Island Hoods,https://content.abt.com/image.php?width=150&height=110&canvas&image=/images/dcat_island_hoods.jpg
Appliances|Kitchen|Hoods & Downdrafts|Wall Hoods,https://content.abt.com/image.php?width=150&height=110&canvas&image=/images/dcat_wall_hoods.jpg
Appliances|Kitchen|Kitchen Appliance Packages,https://content.abt.com/image.php?width=150&height=110&canvas&image=/images/dcat_appliance_packages-2017.jpg
Appliances|Kitchen|Microwaves,https://content.abt.com/image.php?width=150&height=110&canvas&image=/images/dcat-microwaves.jpg
Appliances|Kitchen|Microwaves|Built-In Microwaves,https://content.abt.com/image.php?width=150&height=110&canvas&image=/images/dcat_built_in_microwaves.jpg
Appliances|Kitchen|Microwaves|Micro Hoods,https://content.abt.com/image.php?width=150&height=110&canvas&image=/images/dcat_micro_hoods.jpg
Appliances|Kitchen|Microwaves|Microwave Drawers,https://content.abt.com/image.php?width=150&height=110&canvas&image=/images/dcat_microwave_drawers.jpg
Appliances|Kitchen|Ranges,https://content.abt.com/image.php?width=150&height=110&canvas&image=/images/dcat_cooking.jpg
Appliances|Kitchen|Ranges|Drop-In Ranges,https://content.abt.com/image.php?width=150&height=110&canvas&image=/images/dcat_drop_in_range.jpg
Appliances|Kitchen|Ranges|Dual Fuel Ranges,https://content.abt.com/image.php?width=150&height=110&canvas&image=/images/dcat_dual_fuel_ranges.jpg
Appliances|Kitchen|Ranges|Electric Ranges,https://content.abt.com/image.php?width=150&height=110&canvas&image=/images/dcat_electric_range.jpg
Appliances|Kitchen|Ranges|Gas Ranges,https://content.abt.com/image.php?width=150&height=110&canvas&image=/images/dcat_free_standing_gas_ranges.jpg
Appliances|Kitchen|Ranges|Induction Ranges,https://content.abt.com/image.php?width=150&height=110&canvas&image=/images/dcat_induction-ranges.jpg
Appliances|Kitchen|Ranges|Slide-In Electric Ranges,https://content.abt.com/image.php?width=150&height=110&canvas&image=/images/dcat_slide_in_electric_ranges.jpg
Appliances|Kitchen|Ranges|Slide-In Gas Ranges,https://content.abt.com/image.php?width=150&height=110&canvas&image=/images/dcat_slide_in_gas_ranges.jpg
Appliances|Kitchen|Refrigerators,https://content.abt.com/image.php?width=150&height=110&canvas&image=/images/dcat_refrigeration.jpg
Appliances|Kitchen|Refrigerators|Beverage Centers,https://content.abt.com/image.php?width=150&height=110&canvas&image=
Appliances|Kitchen|Refrigerators|Bottom Freezer Refrigerators,https://content.abt.com/image.php?width=150&height=110&canvas&image=/images/dcat_bottom_freezer_refrigerators.jpg
Appliances|Kitchen|Refrigerators|Built-In Bottom Freezer Refrigerators,https://content.abt.com/image.php?width=150&height=110&canvas&image=/images/dcat_built_in_bottom_mount_refrigerators.jpg
Appliances|Kitchen|Refrigerators|Built-In French Door Refrigerators,https://content.abt.com/image.php?width=150&height=110&canvas&image=/images/dcat-built-in-french-door-refrigerators.jpg
Appliances|Kitchen|Refrigerators|Built-In Full Refrigerators / Freezers,https://content.abt.com/image.php?width=150&height=110&canvas&image=/images/dcat_built_in_all_refrigerators_freezers.jpg
Appliances|Kitchen|Refrigerators|Built-In Refrigerators,https://content.abt.com/image.php?width=150&height=110&canvas&image=/images/dcat_built_in_refrigerators.jpg
Appliances|Kitchen|Refrigerators|Built-In Side-by-Side Refrigerators,https://content.abt.com/image.php?width=150&height=110&canvas&image=/images/dcat_built_in_side_by_side_refrigerators.jpg
Appliances|Kitchen|Refrigerators|Compact Refrigerators,https://content.abt.com/image.php?width=150&height=110&canvas&image=/images/dcat-compact-refrigerators.jpg
Appliances|Kitchen|Refrigerators|Counter Depth Refrigerators,https://content.abt.com/image.php?width=150&height=110&canvas&image=/images/dcat_shallow_depth_refrigerators.jpg
Appliances|Kitchen|Refrigerators|Freezerless Refrigerators,https://content.abt.com/image.php?width=150&height=110&canvas&image=/images/dcat_free_standing_all_refrigerators.jpg
Appliances|Kitchen|Refrigerators|French Door Refrigerators,https://content.abt.com/image.php?width=150&height=110&canvas&image=/images/dcat_french_door.jpg
Appliances|Kitchen|Refrigerators|Kegerators,https://content.abt.com/image.php?width=150&height=110&canvas&image=/images/dcat-kegerators.jpg
Appliances|Kitchen|Refrigerators|Side-by-Side Refrigerators,https://content.abt.com/image.php?width=150&height=110&canvas&image=/images/dcat_side_by_side_refrigerators.jpg
Appliances|Kitchen|Refrigerators|Top Freezer Refrigerators,https://content.abt.com/image.php?width=150&height=110&canvas&image=/images/dcat_top_freezer_refrigerators.jpg
Appliances|Kitchen|Refrigerators|Wine Refrigerators and Beverage Centers,https://content.abt.com/image.php?width=150&height=110&canvas&image=/images/dcat_wine_refrigerators.jpg
Appliances|Kitchen|Small Kitchen Appliances,https://content.abt.com/image.php?width=150&height=110&canvas&image=/images/dcat_small_appliances.jpg
Appliances|Kitchen|Small Kitchen Appliances|Blenders,https://content.abt.com/image.php?width=150&height=110&canvas&image=/images/products/l_KSB1575ER.jpg
Appliances|Kitchen|Small Kitchen Appliances|Blenders|Hand Blenders,https://content.abt.com/image.php?width=150&height=110&canvas&image=/images/dcat_hand_blenders.jpg
Appliances|Kitchen|Small Kitchen Appliances|Bread Machines,https://content.abt.com/image.php?width=150&height=110&canvas&image=/images/products/BDP_Images/big_CBK200.jpg
Appliances|Kitchen|Small Kitchen Appliances|Can Openers,https://content.abt.com/image.php?width=150&height=110&canvas&image=/images/products/BDP_Images/big_CCO50.jpg
Appliances|Kitchen|Small Kitchen Appliances|Coffee Grinders,https://content.abt.com/image.php?width=150&height=110&canvas&image=/images/products/BDP_Images/big_DBM8.jpg
Appliances|Kitchen|Small Kitchen Appliances|Coffee Makers & Espresso Machines,https://content.abt.com/image.php?width=150&height=110&canvas&image=/images/products/BDP_Images/big_20231.jpg
Appliances|Kitchen|Small Kitchen Appliances|Deep Fryers & Air Fryers,https://content.abt.com/image.php?width=150&height=110&canvas&image=/images/products/BDP_Images/big_df250b.jpg
Appliances|Kitchen|Small Kitchen Appliances|Food Processors,https://content.abt.com/image.php?width=150&height=110&canvas&image=/images/products/BDP_Images/1_DLC4CHB.jpg
Appliances|Kitchen|Small Kitchen Appliances|Food Slicers,https://content.abt.com/image.php?width=150&height=110&canvas&image=/images/products/BDP_Images/big_FS1000W.jpg
Appliances|Kitchen|Small Kitchen Appliances|Ice Cream Makers,https://content.abt.com/image.php?width=150&height=110&canvas&image=/images/products/l_ice30bc.jpg
Appliances|Kitchen|Small Kitchen Appliances|Juicers,https://content.abt.com/image.php?width=150&height=110&canvas&image=/images/products/BDP_Images/big_BJE510XL.jpg
Appliances|Kitchen|Small Kitchen Appliances|Miscellaneous Small Appliances,https://content.abt.com/image.php?width=150&height=110&canvas&image=/images/dcat_miscellaneous_small_appliances.jpg
Appliances|Kitchen|Small Kitchen Appliances|Mixers,https://content.abt.com/image.php?width=150&height=110&canvas&image=/images/products/BDP_Images/big_KSM150PSER.jpg
Appliances|Kitchen|Small Kitchen Appliances|Mixers|Hand Mixers,https://content.abt.com/image.php?width=150&height=110&canvas&image=/images/products/BDP_Images/big_HM90BCS.jpg
Appliances|Kitchen|Small Kitchen Appliances|Rice Cookers/Steamers,https://content.abt.com/image.php?width=150&height=110&canvas&image=/images/dcat_rice_cookers_steamers.jpg
Appliances|Kitchen|Small Kitchen Appliances|Slow Cookers,https://content.abt.com/image.php?width=150&height=110&canvas&image=/images/dcat_slowcookers.jpg
Appliances|Kitchen|Small Kitchen Appliances|Super Automatics,https://content.abt.com/image.php?width=150&height=110&canvas&image=/images/dcat_super_automatics.jpg
Appliances|Kitchen|Small Kitchen Appliances|Tea Pots & Water Kettles,https://content.abt.com/image.php?width=150&height=110&canvas&image=/images/dcat-water-kettle-tea-pots.jpg
Appliances|Kitchen|Small Kitchen Appliances|Toaster Oven & Countertop Ovens,https://content.abt.com/image.php?width=150&height=110&canvas&image=/images/dcat_toaster_ovens.jpg
Appliances|Kitchen|Small Kitchen Appliances|Toasters & Toaster Ovens,https://content.abt.com/image.php?width=150&height=110&canvas&image=/images/dcat-toasters.jpg
Appliances|Kitchen|Small Kitchen Appliances|Waffle Makers & Grills,https://content.abt.com/image.php?width=150&height=110&canvas&image=/images/dcat_wafflers_grills.jpg
Appliances|Kitchen|Wall Ovens,https://content.abt.com/image.php?width=150&height=110&canvas&image=/images/dcat_built_in_ovens.jpg
Appliances|Kitchen|Wall Ovens|Built In Electric Ovens,https://content.abt.com/image.php?width=150&height=110&canvas&image=/images/dcat_built_in_electric_ovens.jpg
Appliances|Kitchen|Wall Ovens|Built In Gas Ovens,https://content.abt.com/image.php?width=150&height=110&canvas&image=/images/dcat_built_in_gas_ovens.jpg
Appliances|Kitchen|Wall Ovens|Double Wall Ovens,https://content.abt.com/image.php?width=150&height=110&canvas&image=/images/dcat_double_electric_ovens.jpg
Appliances|Kitchen|Wall Ovens|Microwave Combination Ovens,https://content.abt.com/image.php?width=150&height=110&canvas&image=/images/dcat_micro-oven-combo.jpg
Appliances|Kitchen|Wall Ovens|Single Wall Ovens,https://content.abt.com/image.php?width=150&height=110&canvas&image=/images/dcat_single_electric_ovens.jpg
Appliances|Kitchen|Warming Drawers,https://content.abt.com/image.php?width=150&height=110&canvas&image=/images/dcat_warming_ovens.jpg
Appliances|Laundry,https://content.abt.com/image.php?width=150&height=110&canvas&image=/images/dcat_laundry.jpg
Appliances|Laundry|Commercial Dryers,https://content.abt.com/image.php?width=150&height=110&canvas&image=/images/dcat_commercial_dryers.jpg
Appliances|Laundry|Commercial Washers,https://content.abt.com/image.php?width=150&height=110&canvas&image=/images/dcat_commercial_washers.jpg
Appliances|Laundry|Dryers,https://content.abt.com/image.php?width=150&height=110&canvas&image=/images/dcat_dryers.jpg
Appliances|Laundry|Dryers|Electric Dryers,https://content.abt.com/image.php?width=150&height=110&canvas&image=/images/dcat_electric_dryers.jpg
Appliances|Laundry|Dryers|Gas Dryers,https://content.abt.com/image.php?width=150&height=110&canvas&image=/images/dcat_gas_dryers.jpg
Appliances|Laundry|Fabric Freshener,https://content.abt.com/image.php?width=150&height=110&canvas&image=/images/dcat_fabric_freshener.jpg
Appliances|Laundry|Irons & Ironing Tables,https://content.abt.com/image.php?width=150&height=110&canvas&image=/images/dcat_irons.jpg
Appliances|Laundry|Laundry Accessories,https://content.abt.com/image.php?width=150&height=110&canvas&image=/images/dcat-laundry-detergents.jpg
Appliances|Laundry|Laundry Accessories|Coin Slides & Boxes,https://content.abt.com/image.php?width=150&height=110&canvas&image=/images/dcat_coin_slides.jpg
Appliances|Laundry|Laundry Accessories|Dryer Racks,https://content.abt.com/image.php?width=150&height=110&canvas&image=/images/dcat_dryer-racks.jpg
Appliances|Laundry|Laundry Accessories|Laundry Installation Accessories,https://content.abt.com/image.php?width=150&height=110&canvas&image=
Appliances|Laundry|Laundry Accessories|Laundry Products,https://content.abt.com/image.php?width=150&height=110&canvas&image=/images/dcat-laundry-detergents.jpg
Appliances|Laundry|Laundry Accessories|Washer & Dryer Pedestals,https://content.abt.com/image.php?width=150&height=110&canvas&image=/images/dcat_laundry_pedestals.jpg
Appliances|Laundry|Laundry Accessories|Washer & Dryer Stacking Kits,https://content.abt.com/image.php?width=150&height=110&canvas&image=/images/dcat_laundry_stacking.jpg
Appliances|Laundry|Laundry Accessories|Work Stations,https://content.abt.com/image.php?width=150&height=110&canvas&image=/images/dcat_workstations.jpg
Appliances|Laundry|Laundry Packages,https://content.abt.com/image.php?width=150&height=110&canvas&image=/images/dcat_laundry_packages.jpg
Appliances|Laundry|Stackable Washer Dryer Units,https://content.abt.com/image.php?width=150&height=110&canvas&image=/images/dcat_stack_washers_and_dryers.jpg
Appliances|Laundry|Washer Dryer Combo Units,https://content.abt.com/image.php?width=150&height=110&canvas&image=/images/dcat_LaundryCombo.jpg
Appliances|Laundry|Washers,https://content.abt.com/image.php?width=150&height=110&canvas&image=/images/dcat_washers.jpg
Appliances|Laundry|Washers|Front Load Washing Machines,https://content.abt.com/image.php?width=150&height=110&canvas&image=/images/dcat_front_loading_washers.jpg
Appliances|Laundry|Washers|Top Load Washers,https://content.abt.com/image.php?width=150&height=110&canvas&image=/images/dcat-top-loading-washers.jpg
Appliances|Outdoor,https://content.abt.com/image.php?width=150&height=110&canvas&image=/images/products/BDP_Images/big_6570001.jpg
Appliances|Outdoor|Cooler Accessories,https://content.abt.com/image.php?width=150&height=110&canvas&image=/images/products/BDP_Images/big_YICE4N2.jpg
Appliances|Outdoor|Coolers,https://content.abt.com/image.php?width=150&height=110&canvas&image=/images/dcat_coolers.jpg
Appliances|Outdoor|Mosquito Repellent,https://content.abt.com/image.php?width=150&height=110&canvas&image=/images/products/BDP_Images/big_DT1100.jpg
Appliances|Outdoor|Outdoor Grills & BBQ Grills,https://content.abt.com/image.php?width=150&height=110&canvas&image=/images/dcat_grills.jpg
Appliances|Outdoor|Outdoor Grills & BBQ Grills|Built-In Grills,https://content.abt.com/image.php?width=150&height=110&canvas&image=/images/dcat_built_in_grills.jpg
Appliances|Outdoor|Outdoor Grills & BBQ Grills|Charcoal Grills & Smokers,https://content.abt.com/image.php?width=150&height=110&canvas&image=/images/dcat_charcoal_grills.jpg
Appliances|Outdoor|Outdoor Grills & BBQ Grills|Grill Accessories,https://content.abt.com/image.php?width=150&height=110&canvas&image=/images/dcat_grill_accessories.jpg
Appliances|Outdoor|Outdoor Grills & BBQ Grills|Grill Accessories|Drip Pans,https://content.abt.com/image.php?width=150&height=110&canvas&image=/images/dcat_drip_pans.jpg
Appliances|Outdoor|Outdoor Grills & BBQ Grills|Grill Accessories|Grill Brushes,https://content.abt.com/image.php?width=150&height=110&canvas&image=/images/dcat_grill_utensils.jpg
Appliances|Outdoor|Outdoor Grills & BBQ Grills|Grill Accessories|Grill Carts & Drawers,https://content.abt.com/image.php?width=150&height=110&canvas&image=/images/dcat_grill_carts.jpg
Appliances|Outdoor|Outdoor Grills & BBQ Grills|Grill Accessories|Grill Cookware,https://content.abt.com/image.php?width=150&height=110&canvas&image=/images/dcat_grill_cookware.jpg
Appliances|Outdoor|Outdoor Grills & BBQ Grills|Grill Accessories|Grill Cookware & Utensils,https://content.abt.com/image.php?width=150&height=110&canvas&image=/images/dcat_grill_utensils.jpg
Appliances|Outdoor|Outdoor Grills & BBQ Grills|Grill Accessories|Grill Covers,https://content.abt.com/image.php?width=150&height=110&canvas&image=/images/dcat_grill_covers.jpg
Appliances|Outdoor|Outdoor Grills & BBQ Grills|Grill Accessories|Grill Grates & Bars,https://content.abt.com/image.php?width=150&height=110&canvas&image=/images/dcat_grill_grates.jpg
Appliances|Outdoor|Outdoor Grills & BBQ Grills|Grill Accessories|Grill Rotisseries,https://content.abt.com/image.php?width=150&height=110&canvas&image=/images/dcat_grill_rotisserie.jpg
Appliances|Outdoor|Outdoor Grills & BBQ Grills|Grill Accessories|Grill Side Burners,https://content.abt.com/image.php?width=150&height=110&canvas&image=/images/dcat_grill_side_burner.jpg
Appliances|Outdoor|Outdoor Grills & BBQ Grills|Grill Accessories|Grill Smoker Accessories,https://content.abt.com/image.php?width=150&height=110&canvas&image=/images/dcat_grill_woodchips.jpg
Appliances|Outdoor|Outdoor Grills & BBQ Grills|Grill Accessories|Grill Tools & Gadgets,https://content.abt.com/image.php?width=150&height=110&canvas&image=/images/dcat_grill_tools.jpg
Appliances|Outdoor|Outdoor Grills & BBQ Grills|Grill Accessories|Grill Utensils,https://content.abt.com/image.php?width=150&height=110&canvas&image=/images/dcat_grill_utensils2.jpg
Appliances|Outdoor|Outdoor Grills & BBQ Grills|Grill Accessories|Grilling Gloves & Aprons,https://content.abt.com/image.php?width=150&height=110&canvas&image=/images/dcat_grillware.jpg
Appliances|Outdoor|Outdoor Grills & BBQ Grills|Liquid Propane Gas Grills,https://content.abt.com/image.php?width=150&height=110&canvas&image=/images/dcat_liquid_propane_gas_grills.jpg
Appliances|Outdoor|Outdoor Grills & BBQ Grills|Natural Gas Grills,https://content.abt.com/image.php?width=150&height=110&canvas&image=/images/dcat-natural-gas-grills.jpg
Appliances|Outdoor|Outdoor Grills & BBQ Grills|Portable Grills,https://content.abt.com/image.php?width=150&height=110&canvas&image=/images/dcat_portable-grills.jpg
Appliances|Outdoor|Outdoor Grills & BBQ Grills|Wood Pellet Grills,https://content.abt.com/image.php?width=150&height=110&canvas&image=/images/dact-wood-pellet-grill.jpg
Appliances|Outdoor|Outdoor Heaters,https://content.abt.com/image.php?width=150&height=110&canvas&image=/images/dcat_outdoor_heaters.jpg
Audio,https://content.abt.com/image.php?width=150&height=110&canvas&image=/images/products/BDP_Images/big_ST130HTS.jpg
Audio|Car Audio & Electronics,https://content.abt.com/image.php?width=150&height=110&canvas&image=/images/dcat_mobile_electronics.png
Audio|Car Audio & Electronics|Car Security & Remote Start,https://content.abt.com/image.php?width=150&height=110&canvas&image=/images/dcat_remote-starters.jpg
Audio|Car Audio & Electronics|Car Security & Remote Start|Remote Starters & Car Alarm Systems,https://content.abt.com/image.php?width=150&height=110&canvas&image=/images/dcat_remote-starters.jpg
Audio|Car Audio & Electronics|Car Speakers,https://content.abt.com/image.php?width=150&height=110&canvas&image=/images/dcat_car_audio_speakers.jpg
Audio|Car Audio & Electronics|Car Speakers|3 1/2 Inch Car Speakers,https://content.abt.com/image.php?width=150&height=110&canvas&image=/images/dcat_3.5_inch_car_speakers.jpg
Audio|Car Audio & Electronics|Car Speakers|4 Inch Car Speakers,https://content.abt.com/image.php?width=150&height=110&canvas&image=/images/dcat_4_inch_car_speakers.jpg
Audio|Car Audio & Electronics|Car Speakers|4 x 10 Inch Car Speakers,https://content.abt.com/image.php?width=150&height=110&canvas&image=/images/dcat_4_x_10_inch_car_speakers.jpg
Audio|Car Audio & Electronics|Car Speakers|4 x 6 Inch Car Speakers,https://content.abt.com/image.php?width=150&height=110&canvas&image=/images/dcat_4_x_6_inch_car_speakers.jpg
Audio|Car Audio & Electronics|Car Speakers|5 1/4 Inch Car Speakers,https://content.abt.com/image.php?width=150&height=110&canvas&image=/images/dcat_5_1-4_inch_car_speakers.jpg
Audio|Car Audio & Electronics|Car Speakers|5 x 7 Inch Car Speakers,https://content.abt.com/image.php?width=150&height=110&canvas&image=/images/dcat_5_x_7_inch_car_speakers.jpg
Audio|Car Audio & Electronics|Car Speakers|6 1/2 Inch Car Speakers,https://content.abt.com/image.php?width=150&height=110&canvas&image=/images/dcat_6_1-2_incn_car_speakers.jpg
Audio|Car Audio & Electronics|Car Speakers|6 x 9 Inch Car Speakers,https://content.abt.com/image.php?width=150&height=110&canvas&image=/images/dcat_6_x_9_inch_car_speakers.jpg
Audio|Car Audio & Electronics|Car Speakers|Car Speaker Accessories,https://content.abt.com/image.php?width=150&height=110&canvas&image=/images/dcat_car-speaker-acc.jpg
Audio|Car Audio & Electronics|Car Speakers|Car Subwoofers,https://content.abt.com/image.php?width=150&height=110&canvas&image=/images/dcat_car_subwoofers.jpg
Audio|Car Audio & Electronics|Car Stereos & Components,https://content.abt.com/image.php?width=150&height=110&canvas&image=/images/dcat_mobile_audio.jpg
Audio|Car Audio & Electronics|Car Stereos & Components|Car Audio Amplifiers,https://content.abt.com/image.php?width=150&height=110&canvas&image=/images/dcat_car-audio-amplifier.jpg
Audio|Car Audio & Electronics|Car Stereos & Components|Car Audio CD Changers,https://content.abt.com/image.php?width=150&height=110&canvas&image=/images/dcat_car_audio_cd_changers.jpg
Audio|Car Audio & Electronics|Car Stereos & Components|Car Audio Processors,https://content.abt.com/image.php?width=150&height=110&canvas&image=/images/dcat_car-audio-processors.jpg
Audio|Car Audio & Electronics|Car Stereos & Components|Car Stereos - Double DIN,https://content.abt.com/image.php?width=150&height=110&canvas&image=/images/dcat_double-din-receivers.jpg
Audio|Car Audio & Electronics|Car Stereos & Components|Car Stereos - Single DIN,https://content.abt.com/image.php?width=150&height=110&canvas&image=/images/dcat_single-din-receiver.jpg
Audio|Car Audio & Electronics|Car Stereos & Components|HD Radio - For Car,https://content.abt.com/image.php?width=150&height=110&canvas&image=/images/dcat_hd_radio_for_car.jpg
Audio|Car Audio & Electronics|Car Stereos & Components|In Dash MD Receivers,https://content.abt.com/image.php?width=150&height=110&canvas&image=
Audio|Car Audio & Electronics|Car Stereos & Components|Mobile Equalizers,https://content.abt.com/image.php?width=150&height=110&canvas&image=
Audio|Car Audio & Electronics|Car Stereos & Components|Remote Start,https://content.abt.com/image.php?width=150&height=110&canvas&image=
Audio|Car Audio & Electronics|Car Stereos & Components|Satellite Radio,https://content.abt.com/image.php?width=150&height=110&canvas&image=/images/dcat_satellite-radio.jpg
Audio|Car Audio & Electronics|Car Stereos & Components|Satellite Radio|Sirius Satellite Radio,https://content.abt.com/image.php?width=150&height=110&canvas&image=/images/dcat_sirius_satellite_radio.jpg
Audio|Car Audio & Electronics|Car Stereos & Components|Satellite Radio|XM Satellite Radio,https://content.abt.com/image.php?width=150&height=110&canvas&image=/images/dcat_xm_satellite_radio.jpg
Audio|Car Audio & Electronics|Car Subwoofers & Enclosures,https://content.abt.com/image.php?width=150&height=110&canvas&image=/images/dcat_vehicle_sub.jpg
Audio|Car Audio & Electronics|Car Subwoofers & Enclosures|Vehicle Specific Sub Enclosures,https://content.abt.com/image.php?width=150&height=110&canvas&image=/images/products/l_94607.jpg
Audio|Car Audio & Electronics|Car Subwoofers & Enclosures|Vehicle Sub Enclosures,https://content.abt.com/image.php?width=150&height=110&canvas&image=/images/dcat_vehicle_sub.jpg
Audio|Car Audio & Electronics|Car Video,https://content.abt.com/image.php?width=150&height=110&canvas&image=/images/dcat_mobile_video.jpg
Audio|Car Audio & Electronics|Dash Cams,https://content.abt.com/image.php?width=150&height=110&canvas&image=/images/dcat-dash-cams.jpg
Audio|Car Audio & Electronics|Driving Lights,https://content.abt.com/image.php?width=150&height=110&canvas&image=
Audio|Car Audio & Electronics|Fog Lights,https://content.abt.com/image.php?width=150&height=110&canvas&image=
Audio|Car Audio & Electronics|GPS Navigation & Accessories,https://content.abt.com/image.php?width=150&height=110&canvas&image=/images/dcat_car_navigation_and_gps.jpg
Audio|Car Audio & Electronics|GPS Navigation & Accessories|GPS Navigation Accessories,https://content.abt.com/image.php?width=150&height=110&canvas&image=/images/dcat_car_navigation_accessories.jpg
Audio|Car Audio & Electronics|GPS Navigation & Accessories|Hiking GPS,https://content.abt.com/image.php?width=150&height=110&canvas&image=/images/dcat_hiking_gps.jpg
Audio|Car Audio & Electronics|GPS Navigation & Accessories|In-Dash GPS Navigation Receivers,https://content.abt.com/image.php?width=150&height=110&canvas&image=/images/dcat-indash-gps-nav.jpg
Audio|Car Audio & Electronics|GPS Navigation & Accessories|Marine GPS,https://content.abt.com/image.php?width=150&height=110&canvas&image=/images/dcat_marine_gps.jpg
Audio|Car Audio & Electronics|GPS Navigation & Accessories|Motorcycle GPS,https://content.abt.com/image.php?width=150&height=110&canvas&image=/images/dcat_motorcycle_gps.jpg
Audio|Car Audio & Electronics|GPS Navigation & Accessories|Portable GPS Navigation,https://content.abt.com/image.php?width=150&height=110&canvas&image=/images/dcat_car_navigation_and_gps.jpg
Audio|Car Audio & Electronics|Marine Audio,https://content.abt.com/image.php?width=150&height=110&canvas&image=/images/dcat_marine_audio.jpg
Audio|Car Audio & Electronics|Marine Audio|Marine Amplifiers,https://content.abt.com/image.php?width=150&height=110&canvas&image=/images/dcat_marine_amps.jpg
Audio|Car Audio & Electronics|Marine Audio|Marine Audio Accessories,https://content.abt.com/image.php?width=150&height=110&canvas&image=/images/dcat_marine_audio_accessories.jpg
Audio|Car Audio & Electronics|Marine Audio|Marine Audio Speakers,https://content.abt.com/image.php?width=150&height=110&canvas&image=/images/dcat_marine_audio_speakers.jpg
Audio|Car Audio & Electronics|Marine Audio|Marine Radio,https://content.abt.com/image.php?width=150&height=110&canvas&image=/images/dcat_marine_radio.jpg
Audio|Car Audio & Electronics|Marine Audio|Marine Subwoofers,https://content.abt.com/image.php?width=150&height=110&canvas&image=/images/dcat_marine_subwoofers.jpg
Audio|Car Audio & Electronics|Mobile Accessories,https://content.abt.com/image.php?width=150&height=110&canvas&image=/images/dcat_mobile_accessories.jpg
Audio|Car Audio & Electronics|Mobile Accessories|Car Adapters,https://content.abt.com/image.php?width=150&height=110&canvas&image=/images/dcat_car_adapters.jpg
Audio|Car Audio & Electronics|Mobile Accessories|Car Alarm Accessories,https://content.abt.com/image.php?width=150&height=110&canvas&image=/images/dcat_car_alarm_accessories.jpg
Audio|Car Audio & Electronics|Mobile Accessories|Car Audio Cables & Connections,https://content.abt.com/image.php?width=150&height=110&canvas&image=/images/dcat_car_audio_cables.jpg
Audio|Car Audio & Electronics|Mobile Accessories|Car Harness,https://content.abt.com/image.php?width=150&height=110&canvas&image=/images/dcat_car_harness.jpg
Audio|Car Audio & Electronics|Mobile Accessories|Car Kits,https://content.abt.com/image.php?width=150&height=110&canvas&image=/images/dcat_car_kits.jpg
Audio|Car Audio & Electronics|Mobile Accessories|Car Video Cables,https://content.abt.com/image.php?width=150&height=110&canvas&image=/images/dcat_car_video_cables.jpg
Audio|Car Audio & Electronics|Mobile Accessories|Head Light Bulbs,https://content.abt.com/image.php?width=150&height=110&canvas&image=/images/dcat_head_light_bulbs.jpg
Audio|Car Audio & Electronics|Mobile Accessories|LED Lighting,https://content.abt.com/image.php?width=150&height=110&canvas&image=/images/dcat_led_lighting.jpg
Audio|Car Audio & Electronics|Mobile Accessories|Mobile Bluetooth Kits,https://content.abt.com/image.php?width=150&height=110&canvas&image=/images/dcat_mobile_bluetooth.jpg
Audio|Car Audio & Electronics|Mobile Accessories|Mobile Circuit Breakers,https://content.abt.com/image.php?width=150&height=110&canvas&image=/images/dcat_mobile_circuit_breakers.jpg
Audio|Car Audio & Electronics|Mobile Accessories|Mobile Installation Accessories,https://content.abt.com/image.php?width=150&height=110&canvas&image=/images/dcat_mobile_install.jpg
Audio|Car Audio & Electronics|Mobile Accessories|Mobile iPod Adapters,https://content.abt.com/image.php?width=150&height=110&canvas&image=/images/dcat_mobile_ipod_adap.jpg
Audio|Car Audio & Electronics|Mobile Accessories|Mobile iPod OEM Integration,https://content.abt.com/image.php?width=150&height=110&canvas&image=/images/dcat_mobile_ipod_oem.jpg
Audio|Car Audio & Electronics|Mobile Accessories|Mobile Power Accessories,https://content.abt.com/image.php?width=150&height=110&canvas&image=/images/dcat-mobile-power-accessories.jpg
Audio|Car Audio & Electronics|Mobile Accessories|Mobile Rear-View Cameras,https://content.abt.com/image.php?width=150&height=110&canvas&image=/images/dcat_mobile_rearview_camera.jpg
Audio|Car Audio & Electronics|Mobile Accessories|Mobile Remote Controls,https://content.abt.com/image.php?width=150&height=110&canvas&image=/images/dcat_mobile_remote_controls.jpg
Audio|Car Audio & Electronics|Mobile Accessories|Mobile Video Accessories,https://content.abt.com/image.php?width=150&height=110&canvas&image=/images/products/l-KIT592.jpg
Audio|Car Audio & Electronics|Mobile Accessories|Mobile Video OEM Integration,https://content.abt.com/image.php?width=150&height=110&canvas&image=/images/dcat_mobile_video_oem_integration.jpg
Audio|Car Audio & Electronics|Mobile Accessories|Mobile Wireless Headphones,https://content.abt.com/image.php?width=150&height=110&canvas&image=/images/dcat_mobile_wireless_headphones.jpg
Audio|Car Audio & Electronics|Mobile Accessories|Power Support,https://content.abt.com/image.php?width=150&height=110&canvas&image=
Audio|Car Audio & Electronics|Mobile Accessories|Sound Dampening,https://content.abt.com/image.php?width=150&height=110&canvas&image=/images/dcat_sound_dampening.jpg
Audio|Car Audio & Electronics|Radar Detectors & Accessories,https://content.abt.com/image.php?width=150&height=110&canvas&image=/images/dcat-radar-and-accessories.jpg
Audio|Car Audio & Electronics|Radar Detectors & Accessories|Radar Detector Accessories,https://content.abt.com/image.php?width=150&height=110&canvas&image=/images/dcat-radar-accessories.jpg
Audio|Car Audio & Electronics|Radar Detectors & Accessories|Radar/Laser Detectors,https://content.abt.com/image.php?width=150&height=110&canvas&image=/images/dcat_radar_detectors.jpg
Audio|HD Radio - For Home,https://content.abt.com/image.php?width=150&height=110&canvas&image=
Audio|Home Audio,https://content.abt.com/image.php?width=150&height=110&canvas&image=/images/dcat-home-audio.jpg
Audio|Home Audio|Amplifiers,https://content.abt.com/image.php?width=150&height=110&canvas&image=/images/dcat_amplifiers.jpg
Audio|Home Audio|Audio Receivers,https://content.abt.com/image.php?width=150&height=110&canvas&image=/images/dcat_audio_receivers.jpg
Audio|Home Audio|CD Players,https://content.abt.com/image.php?width=150&height=110&canvas&image=/images/dcat_cd_players.jpg
Audio|Home Audio|Clocks & Personal Radios,https://content.abt.com/image.php?width=150&height=110&canvas&image=/images/dcat-clock-radios.jpg
Audio|Home Audio|Preamplifiers,https://content.abt.com/image.php?width=150&height=110&canvas&image=/images/dcat_preamplifiers.jpg
Audio|Home Audio|Tuners,https://content.abt.com/image.php?width=150&height=110&canvas&image=/images/dcat_tuners.jpg
Audio|Home Audio|Turntables,https://content.abt.com/image.php?width=150&height=110&canvas&image=/images/dcat_turntables.jpg
Audio|Home Audio|Wireless Home Speakers,https://content.abt.com/image.php?width=150&height=110&canvas&image=/images/dcat-wireless-home-speakers.jpg
Audio|Home Audio|Wireless Multi-Room Audio Systems,https://content.abt.com/image.php?width=150&height=110&canvas&image=/images/products/dcat_wireless_multiroom.jpg
Audio|New Arrivals Audio,https://content.abt.com/image.php?width=150&height=110&canvas&image=
Audio|Portable Audio,https://content.abt.com/image.php?width=150&height=110&canvas&image=/images/dcat_audio.png
Audio|Portable Audio|Boomboxes & Portable CD Players,https://content.abt.com/image.php?width=150&height=110&canvas&image=/images/dcat_boomboxes.jpg
Audio|Portable Audio|Cassette Decks,https://content.abt.com/image.php?width=150&height=110&canvas&image=/images/dcat_cassette_decks.jpg
Audio|Portable Audio|Equalizers,https://content.abt.com/image.php?width=150&height=110&canvas&image=
Audio|Portable Audio|Headphones,https://content.abt.com/image.php?width=150&height=110&canvas&image=/images/products/dcat-headphone.jpg
Audio|Portable Audio|Headphones|Earbuds & In-Ear Headphones,https://content.abt.com/image.php?width=150&height=110&canvas&image=/images/dcat-in-ear-headphones.jpg
"Audio|Portable Audio|Headphones|Headphone Cables, Chargers & Accessories",https://content.abt.com/image.php?width=150&height=110&canvas&image=/images/dcat-headphone-cables-chargers-accessories.jpg
Audio|Portable Audio|Headphones|Noise Cancelling Headphones,https://content.abt.com/image.php?width=150&height=110&canvas&image=/images/dcat_noise_cancelling_headphones.jpg
Audio|Portable Audio|Headphones|On-Ear Headphones,https://content.abt.com/image.php?width=150&height=110&canvas&image=/images/dcat-on-ear-headphones.jpg
Audio|Portable Audio|Headphones|Over-Ear Headphones,https://content.abt.com/image.php?width=150&height=110&canvas&image=/images/dcat-over-ear-headphones.jpg
Audio|Portable Audio|Headphones|Wired Headphones,https://content.abt.com/image.php?width=150&height=110&canvas&image=/images/dcat_wired_headphones.jpg
Audio|Portable Audio|Headphones|Wireless Headphones,https://content.abt.com/image.php?width=150&height=110&canvas&image=/images/dcat_wireless_headphones.jpg
Audio|Portable Audio|iPod Accessories (by type),https://content.abt.com/image.php?width=150&height=110&canvas&image=/images/dcat_ipod_accessories_ALL.jpg
Audio|Portable Audio|iPod Accessories (by type)|iPod A/V Adapters & Cables,https://content.abt.com/image.php?width=150&height=110&canvas&image=/images/dcat_ipod_av_adapters.jpg
Audio|Portable Audio|iPod Accessories (by type)|iPod Armbands & Lanyards,https://content.abt.com/image.php?width=150&height=110&canvas&image=/images/dcat_ipod_armband.jpg
Audio|Portable Audio|iPod Accessories (by type)|iPod Cases,https://content.abt.com/image.php?width=150&height=110&canvas&image=/images/dcat_ipod_cases.jpg
Audio|Portable Audio|iPod Accessories (by type)|iPod Docks,https://content.abt.com/image.php?width=150&height=110&canvas&image=/images/dcat_ipod_sound_system.jpg
Audio|Portable Audio|iPod Accessories (by type)|iPod Docks/Chargers & Batteries,https://content.abt.com/image.php?width=150&height=110&canvas&image=/images/dcat_ipod_dock.jpg
Audio|Portable Audio|iPod Accessories (by type)|iPod FM & Cassette Adapters,https://content.abt.com/image.php?width=150&height=110&canvas&image=/images/dcat_ipod_cassette_adapter.jpg
Audio|Portable Audio|iPod Accessories (by type)|iPod Microphone/Voice Recorders,https://content.abt.com/image.php?width=150&height=110&canvas&image=/images/dcat_ipod_microphone.jpg
Audio|Portable Audio|iPod Accessories (by type)|iPod Mounts/Grips & Cupholders,https://content.abt.com/image.php?width=150&height=110&canvas&image=/images/dcat_ipod_mount.jpg
Audio|Portable Audio|iPod Accessories (by type)|iPod Protection Plans,https://content.abt.com/image.php?width=150&height=110&canvas&image=/images/dcat_protection_plan.jpg
Audio|Portable Audio|iPod Accessories (by type)|iPod Remotes,https://content.abt.com/image.php?width=150&height=110&canvas&image=/images/dcat_ipod_remote.jpg
Audio|Portable Audio|iPods & MP3 Players,https://content.abt.com/image.php?width=150&height=110&canvas&image=/images/dcat_ipods_mp3_players.jpg
Audio|Portable Audio|Plasma TV Speakers,https://content.abt.com/image.php?width=150&height=110&canvas&image=/images/dcat_plasma_tv_speakers.jpg
Audio|Portable Audio|Portable Audio Accessories,https://content.abt.com/image.php?width=150&height=110&canvas&image=/images/dcat_portable_accessories.jpg
Audio|Portable Audio|Portable Audio Accessories|Alkaline Batteries,https://content.abt.com/image.php?width=150&height=110&canvas&image=/images/dcat_alkaline_batteries.jpg
Audio|Portable Audio|Portable Audio Accessories|Batteries,https://content.abt.com/image.php?width=150&height=110&canvas&image=/images/dcat_batteries.jpg
Audio|Portable Audio|Portable Audio Accessories|Batteries|Cordless Phone Batteries,https://content.abt.com/image.php?width=150&height=110&canvas&image=/images/dcat_cordless_phone_battery.jpg
Audio|Portable Audio|Portable Audio Accessories|iPod Accessories (all),https://content.abt.com/image.php?width=150&height=110&canvas&image=/images/dcat_ipod_accessories_all.jpg
Audio|Portable Audio|Portable Audio Accessories|Portable DVD Accessories,https://content.abt.com/image.php?width=150&height=110&canvas&image=/images/dcat_portable_dvd_accessories.jpg
Audio|Portable Audio|Portable Audio Accessories|Portable DVD Accessories|Miscellaneous Portable DVD Accessories,https://content.abt.com/image.php?width=150&height=110&canvas&image=/images/dcat_miscellaneous_portable_dvd_accessories.jpg
Audio|Portable Audio|Portable Audio Accessories|Portable DVD Accessories|Portable DVD  Batteries,https://content.abt.com/image.php?width=150&height=110&canvas&image=/images/dcat_portable_dvd_batteries.jpg
Audio|Portable Audio|Portable Audio Accessories|Portable DVD Accessories|Portable DVD Cases,https://content.abt.com/image.php?width=150&height=110&canvas&image=/images/dcat_portable_dvd_cases.jpg
Audio|Portable Audio|Portable Audio Accessories|Portable DVD Accessories|Portable DVD Chargers & Adapters,https://content.abt.com/image.php?width=150&height=110&canvas&image=/images/dcat_portable_dvd_chargers_adapters.jpg
Audio|Portable Audio|Portable Audio Accessories|Power Adapters/ Chargers,https://content.abt.com/image.php?width=150&height=110&canvas&image=/images/dcat_power_adapters_charger.jpg
Audio|Portable Audio|Portable Audio Accessories|Rechargeable Batteries,https://content.abt.com/image.php?width=150&height=110&canvas&image=/images/dcat_rechargeable_batteries.jpg
Audio|Portable Audio|Portable Audio Accessories|Two-Way Radio Accessories,https://content.abt.com/image.php?width=150&height=110&canvas&image=/images/dcat_two_way_radio_accessories.jpg
Audio|Portable Audio|Radios ,https://content.abt.com/image.php?width=150&height=110&canvas&image=/images/dcat_radios.jpg
Audio|Portable Audio|Voice Recorders,https://content.abt.com/image.php?width=150&height=110&canvas&image=/images/dcat_voice_recorders.jpg
Audio|Speakers,https://content.abt.com/image.php?width=150&height=110&canvas&image=/images/products/BDP_Images/big_R10B.jpg
Audio|Speakers|Bluetooth & Portable Speakers,https://content.abt.com/image.php?width=150&height=110&canvas&image=/images/dcat_portable_Speaker.jpg
Audio|Speakers|Bookshelf Speakers,https://content.abt.com/image.php?width=150&height=110&canvas&image=/images/dcat_bookshelf_speakers.jpg
Audio|Speakers|Center Channel Speakers,https://content.abt.com/image.php?width=150&height=110&canvas&image=/images/products/BDP_Images/big_MO8BL.jpg
Audio|Speakers|Center Channel Speakers|Beolab 7,https://content.abt.com/image.php?width=150&height=110&canvas&image=
Audio|Speakers|Floor Standing Speakers,https://content.abt.com/image.php?width=150&height=110&canvas&image=/images/products/BDP_Images/big_EMESLD.jpg
Audio|Speakers|Home Theater Speaker Packages,https://content.abt.com/image.php?width=150&height=110&canvas&image=/images/dcat_home_theater_speaker_packages.jpg
Audio|Speakers|In-Ceiling Speakers,https://content.abt.com/image.php?width=150&height=110&canvas&image=/images/dcat_in_ceiling_speakers.jpg
Audio|Speakers|In-Wall Speakers,https://content.abt.com/image.php?width=150&height=110&canvas&image=/images/dcat_in_wall_speakers.jpg
Audio|Speakers|Outdoor Speakers,https://content.abt.com/image.php?width=150&height=110&canvas&image=/images/products/BDP_Images/big_FMS530BK2.jpg
Audio|Speakers|Satellite Speakers,https://content.abt.com/image.php?width=150&height=110&canvas&image=/images/products/BDP_Images/big_SR8040BP.jpg
Audio|Speakers|Soundbars,https://content.abt.com/image.php?width=150&height=110&canvas&image=/images/dcat_soundbars.jpg
Audio|Speakers|Stereo Speaker Packages,https://content.abt.com/image.php?width=150&height=110&canvas&image=/images/dcat_stereo_speaker_packages.jpg
Audio|Speakers|Subwoofers,https://content.abt.com/image.php?width=150&height=110&canvas&image=/images/dcat_subwoofer_speakers.jpg
Audio|Surround Sound Component Packages,https://content.abt.com/image.php?width=150&height=110&canvas&image=/images/products/t_SAVS350H.jpg
Home & Fitness,https://content.abt.com/image.php?width=150&height=110&canvas&image=/images/dcat_home_and_fitness.jpg
Home & Fitness|Exercise & Fitness,https://content.abt.com/image.php?width=150&height=110&canvas&image=/images/dcat_fitness_sub.jpg
Home & Fitness|Exercise & Fitness|Elliptical Machines,https://content.abt.com/image.php?width=150&height=110&canvas&image=/images/dcat_elliptical.jpg
Home & Fitness|Exercise & Fitness|Exercise Bikes,https://content.abt.com/image.php?width=150&height=110&canvas&image=/images/dcat_exercise-bikes.jpg
Home & Fitness|Exercise & Fitness|Heart Monitors & Fitness Trackers,https://content.abt.com/image.php?width=150&height=110&canvas&image=/images/dcat-heart-rate-monitors.jpg
Home & Fitness|Exercise & Fitness|Heart Monitors & Fitness Trackers|Activity Trackers,https://content.abt.com/image.php?width=150&height=110&canvas&image=
Home & Fitness|Exercise & Fitness|Home Gyms,https://content.abt.com/image.php?width=150&height=110&canvas&image=/images/dcat_home-gyms.jpg
Home & Fitness|Exercise & Fitness|Scooters,https://content.abt.com/image.php?width=150&height=110&canvas&image=/images/dcat_scooters.jpg
Home & Fitness|Exercise & Fitness|Treadmills,https://content.abt.com/image.php?width=150&height=110&canvas&image=/images/dcat_treadmills.jpg
Home & Fitness|Exercise & Fitness|Wearable Technology,https://content.abt.com/image.php?width=150&height=110&canvas&image=/images/dcat-wearable-technology.jpg
Home & Fitness|Exercise & Fitness|Wearable Technology Accessories,https://content.abt.com/image.php?width=150&height=110&canvas&image=/images/dcat_wearable_acc.jpg
Home & Fitness|Exercise & Fitness|Weight Training Equipment,https://content.abt.com/image.php?width=150&height=110&canvas&image=/images/dcat_weight-training.jpg
Home & Fitness|Exercise & Fitness|Workout Accessories,https://content.abt.com/image.php?width=150&height=110&canvas&image=/images/dcat_body-shape-kits.jpg
Home & Fitness|Home Comfort & Safety,https://content.abt.com/image.php?width=150&height=110&canvas&image=/images/dcat_hvac.jpg
Home & Fitness|Home Comfort & Safety|Assisted Mobility,https://content.abt.com/image.php?width=150&height=110&canvas&image=/images/dcat_mobility.jpg
Home & Fitness|Home Comfort & Safety|Garage & Mobility,https://content.abt.com/image.php?width=150&height=110&canvas&image=images/dcat-garage-mobility.jpg
Home & Fitness|Home Comfort & Safety|Garage Organizers,https://content.abt.com/image.php?width=150&height=110&canvas&image=/images/dcat_gladiator_garageworks.jpg
Home & Fitness|Home Comfort & Safety|Garage Organizers|Garage Appliances,https://content.abt.com/image.php?width=150&height=110&canvas&image=/images/dcat_gladiator_appliances.jpg
Home & Fitness|Home Comfort & Safety|Garage Organizers|Garage Cabinets,https://content.abt.com/image.php?width=150&height=110&canvas&image=/images/dcat_gladiator_cabinets.jpg
Home & Fitness|Home Comfort & Safety|Garage Organizers|Garage Flooring,https://content.abt.com/image.php?width=150&height=110&canvas&image=/images/dcat_gladiator_flooring.jpg
Home & Fitness|Home Comfort & Safety|Garage Organizers|Garage Wall Components,https://content.abt.com/image.php?width=150&height=110&canvas&image=/images/dcat_gladiator_wall-cmpnts.jpg
Home & Fitness|Home Comfort & Safety|Garage Organizers|Garage Wall Systems,https://content.abt.com/image.php?width=150&height=110&canvas&image=/images/dcat_gladiator_wall-systms.jpg
Home & Fitness|Home Comfort & Safety|Garage Organizers|Garage Workbenches,https://content.abt.com/image.php?width=150&height=110&canvas&image=/images/dcat_gladiator_workbench.jpg
Home & Fitness|Home Comfort & Safety|Home Automation,https://content.abt.com/image.php?width=150&height=110&canvas&image=/images/dcat_home-automation-cat-img.jpg
Home & Fitness|Home Comfort & Safety|Home Automation|Appliance & Outlet Control,https://content.abt.com/image.php?width=150&height=110&canvas&image=/images/dcat-appliance-outlet-control.jpg
Home & Fitness|Home Comfort & Safety|Home Automation|Carbon Monoxide & Smoke Detectors,https://content.abt.com/image.php?width=150&height=110&canvas&image=/images/dcat_smoke.jpg
Home & Fitness|Home Comfort & Safety|Home Automation|Home Lighting,https://content.abt.com/image.php?width=150&height=110&canvas&image=/images/dcat_home-lighting.jpg
Home & Fitness|Home Comfort & Safety|Home Automation|Smart Assistants,https://content.abt.com/image.php?width=150&height=110&canvas&image=/images/dcat-smart-assistants-v2.jpg
Home & Fitness|Home Comfort & Safety|Home Automation|Smart Audio Devices,https://content.abt.com/image.php?width=150&height=110&canvas&image=/images/dcat_home_theater_speaker_packages.jpg
Home & Fitness|Home Comfort & Safety|Home Automation|Smart Home Appliances,https://content.abt.com/image.php?width=150&height=110&canvas&image=/images/dcat_laundry_packages.jpg
Home & Fitness|Home Comfort & Safety|Home Automation|Smart Kitchen Appliances,https://content.abt.com/image.php?width=150&height=110&canvas&image=/images/dcat_appliance_packages.jpg
Home & Fitness|Home Comfort & Safety|Home Automation|Thermostats,https://content.abt.com/image.php?width=150&height=110&canvas&image=/images/dcat_thermostats.jpg
Home & Fitness|Home Comfort & Safety|Home Automation|Web & Surveillance Cameras,https://content.abt.com/image.php?width=150&height=110&canvas&image=/images/dcat_Web_cameras.jpg
Home & Fitness|Home Comfort & Safety|Home Security Systems,https://content.abt.com/image.php?width=150&height=110&canvas&image=/images/products/BDP_Images/big_88RG000FC000.jpg
Home & Fitness|Home Comfort & Safety|Pet Tech,https://content.abt.com/image.php?width=150&height=110&canvas&image=/images/dcat_pet-tech.jpg
Home & Fitness|Kitchen & Dining,https://content.abt.com/image.php?width=150&height=110&canvas&image=/images/dcat_gourmet_shop.png
Home & Fitness|Kitchen & Dining|Cooking Utensils,https://content.abt.com/image.php?width=150&height=110&canvas&image=/images/dcat_utensils.jpg
Home & Fitness|Kitchen & Dining|Cooking Utensils|Basters & Brushes,https://content.abt.com/image.php?width=150&height=110&canvas&image=/images/products/l_bb21216.jpg
Home & Fitness|Kitchen & Dining|Cooking Utensils|Spoons & Ladles,https://content.abt.com/image.php?width=150&height=110&canvas&image=/images/products/BDP_Images/big_8701003877.jpg
Home & Fitness|Kitchen & Dining|Cooking Utensils|Tongs,https://content.abt.com/image.php?width=150&height=110&canvas&image=/images/products/BDP_Images/big_12916lt.jpg
Home & Fitness|Kitchen & Dining|Cooking Utensils|Turners & Spatulas,https://content.abt.com/image.php?width=150&height=110&canvas&image=/images/products/BDP_Images/big_VB30367.jpg
Home & Fitness|Kitchen & Dining|Cooking Utensils|Utensil Sets,https://content.abt.com/image.php?width=150&height=110&canvas&image=/images/products/BDP_Images/big_VB3001616.jpg
Home & Fitness|Kitchen & Dining|Cooking Utensils|Whisks & Egg Beaters,https://content.abt.com/image.php?width=150&height=110&canvas&image=/images/products/BDP_Images/big_95599.jpg
Home & Fitness|Kitchen & Dining|Cookware & Bakeware,https://content.abt.com/image.php?width=150&height=110&canvas&image=/images/dcat_cookware.jpg
Home & Fitness|Kitchen & Dining|Cookware & Bakeware|All-Clad Cookware,https://content.abt.com/image.php?width=150&height=110&canvas&image=/images/dcat_all_clad_cookware.jpg
Home & Fitness|Kitchen & Dining|Cookware & Bakeware|All-Clad Cookware|All-Clad Cop-R-Chef,https://content.abt.com/image.php?width=150&height=110&canvas&image=/images/dcat_all_clad_CopRChef.jpg
Home & Fitness|Kitchen & Dining|Cookware & Bakeware|All-Clad Copper Core,https://content.abt.com/image.php?width=150&height=110&canvas&image=/images/dcat_all_clad_copper_core.jpg
Home & Fitness|Kitchen & Dining|Cookware & Bakeware|All-Clad LTD,https://content.abt.com/image.php?width=150&height=110&canvas&image=/images/dcat_all_clad_ltd.jpg
Home & Fitness|Kitchen & Dining|Cookware & Bakeware|All-Clad Master Chef 2,https://content.abt.com/image.php?width=150&height=110&canvas&image=/images/dcat_all_clad_master_chef_2.jpg
Home & Fitness|Kitchen & Dining|Cookware & Bakeware|All-Clad Stainless Steel,https://content.abt.com/image.php?width=150&height=110&canvas&image=/images/dcat_all_clad_stainless_steel.jpg
Home & Fitness|Kitchen & Dining|Cookware & Bakeware|Bakeware,https://content.abt.com/image.php?width=150&height=110&canvas&image=/images/products/BDP_Images/big_PG13202817.jpg
Home & Fitness|Kitchen & Dining|Cookware & Bakeware|Cookware Lids & Knobs,https://content.abt.com/image.php?width=150&height=110&canvas&image=/images/products/BDP_Images/big_C26SD.jpg
Home & Fitness|Kitchen & Dining|Cookware & Bakeware|Cookware Sets,https://content.abt.com/image.php?width=150&height=110&canvas&image=/images/products/BDP_Images/big_45133S05.jpg
Home & Fitness|Kitchen & Dining|Cookware & Bakeware|Dacor Cookware,https://content.abt.com/image.php?width=150&height=110&canvas&image=/images/dcat_dacor_cookware.jpg
Home & Fitness|Kitchen & Dining|Cookware & Bakeware|Dutch Ovens & Braisers,https://content.abt.com/image.php?width=150&height=110&canvas&image=/images/products/BDP_Images/big_LS25011467.jpg
Home & Fitness|Kitchen & Dining|Cookware & Bakeware|Electric Skillets/Woks,https://content.abt.com/image.php?width=150&height=110&canvas&image=/images/dcat_skillets.jpg
Home & Fitness|Kitchen & Dining|Cookware & Bakeware|Emerilware by All-Clad,https://content.abt.com/image.php?width=150&height=110&canvas&image=/images/dcat_emerilware_by_all_clad.jpg
Home & Fitness|Kitchen & Dining|Cookware & Bakeware|Fry Pans & Skillets,https://content.abt.com/image.php?width=150&height=110&canvas&image=/images/products/BDP_Images/big_65002800.jpg
Home & Fitness|Kitchen & Dining|Cookware & Bakeware|Griddles & Grill Pans,https://content.abt.com/image.php?width=150&height=110&canvas&image=/images/dcat-grill-griddlers.jpg
Home & Fitness|Kitchen & Dining|Cookware & Bakeware|Le Creuset,https://content.abt.com/image.php?width=150&height=110&canvas&image=/images/dcat_le_creuset.jpg
Home & Fitness|Kitchen & Dining|Cookware & Bakeware|Le Creuset|Le Creuset Cookware,https://content.abt.com/image.php?width=150&height=110&canvas&image=/images/dcat_le_creuset_cookware.jpg
Home & Fitness|Kitchen & Dining|Cookware & Bakeware|Le Creuset|Le Creuset Teakettles,https://content.abt.com/image.php?width=150&height=110&canvas&image=/images/dcat_le_creuset_teakettles.jpg
Home & Fitness|Kitchen & Dining|Cookware & Bakeware|Le Creuset|Le Creuset Trivets,https://content.abt.com/image.php?width=150&height=110&canvas&image=/images/dcat_le_creuset_trivets.jpg
Home & Fitness|Kitchen & Dining|Cookware & Bakeware|Le Creuset|Le Creuset Utensils,https://content.abt.com/image.php?width=150&height=110&canvas&image=/images/dcat_le_creuset_utensils.jpg
Home & Fitness|Kitchen & Dining|Cookware & Bakeware|Mauviel Copper,https://content.abt.com/image.php?width=150&height=110&canvas&image=
Home & Fitness|Kitchen & Dining|Cookware & Bakeware|Pots & Steamers,https://content.abt.com/image.php?width=150&height=110&canvas&image=/images/products/BDP_Images/big_E7965364.jpg
Home & Fitness|Kitchen & Dining|Cookware & Bakeware|Pressure Cookers,https://content.abt.com/image.php?width=150&height=110&canvas&image=/images/products/BDP_Images/big_0793149300.jpg
Home & Fitness|Kitchen & Dining|Cookware & Bakeware|Roasters & Lasagna Pans,https://content.abt.com/image.php?width=150&height=110&canvas&image=/images/products/BDP_Images/big_40135016.jpg
Home & Fitness|Kitchen & Dining|Cookware & Bakeware|Sauce Pans & Sauciers,https://content.abt.com/image.php?width=150&height=110&canvas&image=/images/products/BDP_Images/big_40151003S.jpg
Home & Fitness|Kitchen & Dining|Cookware & Bakeware|Specialty Cookware,https://content.abt.com/image.php?width=150&height=110&canvas&image=/images/products/l_1312923.jpg
Home & Fitness|Kitchen & Dining|Cookware & Bakeware|Swiss Diamond,https://content.abt.com/image.php?width=150&height=110&canvas&image=/images/dcat_swiss_diamond.jpg
Home & Fitness|Kitchen & Dining|Cookware & Bakeware|Viking Cookware,https://content.abt.com/image.php?width=150&height=110&canvas&image=/images/CatImgVikingcookwear.jpg
Home & Fitness|Kitchen & Dining|Cookware & Bakeware|WMF,https://content.abt.com/image.php?width=150&height=110&canvas&image=/images/dcat_wmf.jpg
Home & Fitness|Kitchen & Dining|Counter Top Electrics,https://content.abt.com/image.php?width=150&height=110&canvas&image=
Home & Fitness|Kitchen & Dining|Counter Top Electrics|Coffee Makers,https://content.abt.com/image.php?width=150&height=110&canvas&image=
Home & Fitness|Kitchen & Dining|Cutlery,https://content.abt.com/image.php?width=150&height=110&canvas&image=/images/dcat_cutlery.jpg
Home & Fitness|Kitchen & Dining|Cutlery|Bread Knives,https://content.abt.com/image.php?width=150&height=110&canvas&image=/images/products/BDP_Images/big_416620.jpg
Home & Fitness|Kitchen & Dining|Cutlery|Chefs & Santoku Knives,https://content.abt.com/image.php?width=150&height=110&canvas&image=/images/products/BDP_Images/big_4176.jpg
Home & Fitness|Kitchen & Dining|Cutlery|Cleavers & Boning Knives,https://content.abt.com/image.php?width=150&height=110&canvas&image=/images/products/BDP_Images/big_46757.jpg
Home & Fitness|Kitchen & Dining|Cutlery|Kitchen Shears,https://content.abt.com/image.php?width=150&height=110&canvas&image=/images/products/l_55581.jpg
Home & Fitness|Kitchen & Dining|Cutlery|Knife Sets,https://content.abt.com/image.php?width=150&height=110&canvas&image=/images/products/l_8418b.jpg
Home & Fitness|Kitchen & Dining|Cutlery|Knife Sharpeners & Storage,https://content.abt.com/image.php?width=150&height=110&canvas&image=/images/products/BDP_Images/big_72674.jpg
Home & Fitness|Kitchen & Dining|Cutlery|Paring Knives,https://content.abt.com/image.php?width=150&height=110&canvas&image=/images/products/l_4002.jpg
Home & Fitness|Kitchen & Dining|Cutlery|Slicing & Carving Knives,https://content.abt.com/image.php?width=150&height=110&canvas&image=/images/products/BDP_Images/big_97401.jpg
Home & Fitness|Kitchen & Dining|Cutlery|Specialty Knives,https://content.abt.com/image.php?width=150&height=110&canvas&image=/images/products/l_40207.jpg
Home & Fitness|Kitchen & Dining|Cutlery|Steak Knives,https://content.abt.com/image.php?width=150&height=110&canvas&image=/images/products/l_9729.jpg
Home & Fitness|Kitchen & Dining|Cutlery|Utility Knives,https://content.abt.com/image.php?width=150&height=110&canvas&image=/images/products/l_406612.jpg
Home & Fitness|Kitchen & Dining|Dinnerware & Drinkware,https://content.abt.com/image.php?width=150&height=110&canvas&image=/images/dcat_stoneware.jpg
Home & Fitness|Kitchen & Dining|Epicurean Utensils,https://content.abt.com/image.php?width=150&height=110&canvas&image=/images/dcat_epicurean-utensils.jpg
Home & Fitness|Kitchen & Dining|Gourmet Bags & Totes,https://content.abt.com/image.php?width=150&height=110&canvas&image=/images/dcat_lunch-totes.jpg
Home & Fitness|Kitchen & Dining|iSi,https://content.abt.com/image.php?width=150&height=110&canvas&image=/images/dcat_isi-whippers.jpg
Home & Fitness|Kitchen & Dining|Kitchen Accessories,https://content.abt.com/image.php?width=150&height=110&canvas&image=/images/dcat_standmixer-acc.jpg
Home & Fitness|Kitchen & Dining|Kitchen Accessories|Bar Accessories,https://content.abt.com/image.php?width=150&height=110&canvas&image=
Home & Fitness|Kitchen & Dining|Kitchen Accessories|Coasters & Trivets,https://content.abt.com/image.php?width=150&height=110&canvas&image=/images/products/BDP_Images/big_01040203.jpg
Home & Fitness|Kitchen & Dining|Kitchen Accessories|Coffee & Espresso Accessories,https://content.abt.com/image.php?width=150&height=110&canvas&image=/images/dcat_coffee-acc.jpg
Home & Fitness|Kitchen & Dining|Kitchen Accessories|Cooking Books,https://content.abt.com/image.php?width=150&height=110&canvas&image=/images/dcat_books.jpg
Home & Fitness|Kitchen & Dining|Kitchen Accessories|Food Processor Accessories,https://content.abt.com/image.php?width=150&height=110&canvas&image=/images/dcat_foodprocessor_acc.jpg
Home & Fitness|Kitchen & Dining|Kitchen Accessories|Gourmet Food,https://content.abt.com/image.php?width=150&height=110&canvas&image=/images/dcat_gourmet_food_items.jpg
Home & Fitness|Kitchen & Dining|Kitchen Accessories|Gourmet Food Items,https://content.abt.com/image.php?width=150&height=110&canvas&image=/images/dcat_gourmet_food_items.jpg
Home & Fitness|Kitchen & Dining|Kitchen Accessories|Gourmet Food|Coffee & Tea,https://content.abt.com/image.php?width=150&height=110&canvas&image=/images/dcat_coffee-tea.jpg
Home & Fitness|Kitchen & Dining|Kitchen Accessories|Gourmet Food|Dylans Candy,https://content.abt.com/image.php?width=150&height=110&canvas&image=/images/dcat_dylans-candy-bar.jpg
Home & Fitness|Kitchen & Dining|Kitchen Accessories|Gourmet Food|Home Brewing Kits,https://content.abt.com/image.php?width=150&height=110&canvas&image=/images/dcat_home-brew-kits.jpg
Home & Fitness|Kitchen & Dining|Kitchen Accessories|Gourmet Food|Seasonings,https://content.abt.com/image.php?width=150&height=110&canvas&image=/images/dcat_seasoning.jpg
Home & Fitness|Kitchen & Dining|Kitchen Accessories|Gourmet Food|Tea & Cocoa,https://content.abt.com/image.php?width=150&height=110&canvas&image=/images/dcat_k-cups.jpg
Home & Fitness|Kitchen & Dining|Kitchen Accessories|Household Cleaners,https://content.abt.com/image.php?width=150&height=110&canvas&image=/images/dcat_household_cleaners.jpg
Home & Fitness|Kitchen & Dining|Kitchen Accessories|Kitchen Textiles,https://content.abt.com/image.php?width=150&height=110&canvas&image=/images/dcat_kitchen-textiles.jpg
Home & Fitness|Kitchen & Dining|Kitchen Accessories|Knife Sharpeners,https://content.abt.com/image.php?width=150&height=110&canvas&image=/images/dcat_knife_sharpeners.jpg
Home & Fitness|Kitchen & Dining|Kitchen Accessories|Mixing Bowls,https://content.abt.com/image.php?width=150&height=110&canvas&image=/images/products/BDP_Images/big_5086.jpg
Home & Fitness|Kitchen & Dining|Kitchen Accessories|Stand Mixer Accessories,https://content.abt.com/image.php?width=150&height=110&canvas&image=/images/dcat_standmixer-acc.jpg
Home & Fitness|Kitchen & Dining|Kitchen Accessories|Storage & Organization,https://content.abt.com/image.php?width=150&height=110&canvas&image=/images/products/BDP_Images/big_CFSTCSS8R.jpg
Home & Fitness|Kitchen & Dining|Kitchen Accessories|Trash Cans,https://content.abt.com/image.php?width=150&height=110&canvas&image=/images/dcat_trashcans.jpg
Home & Fitness|Kitchen & Dining|Kitchen Accessories|Water Bottles,https://content.abt.com/image.php?width=150&height=110&canvas&image=/images/dcat_water-bottles.jpg
Home & Fitness|Kitchen & Dining|Kitchen Accessories|Wellness Mats,https://content.abt.com/image.php?width=150&height=110&canvas&image=/images/dcat_wellnessmats.jpg
Home & Fitness|Kitchen & Dining|Kitchen Tools & Gadgets,https://content.abt.com/image.php?width=150&height=110&canvas&image=/images/products/BDP_Images/big_GS500L31.jpg
Home & Fitness|Kitchen & Dining|Kitchen Tools & Gadgets|Carts & Cutting Boards,https://content.abt.com/image.php?width=150&height=110&canvas&image=/images/dcat_carts_cutting_boards.jpg
Home & Fitness|Kitchen & Dining|Kitchen Tools & Gadgets|Choppers / Graters & Slicers,https://content.abt.com/image.php?width=150&height=110&canvas&image=/images/products/l_95021.jpg
Home & Fitness|Kitchen & Dining|Kitchen Tools & Gadgets|Colanders & Strainers,https://content.abt.com/image.php?width=150&height=110&canvas&image=/images/products/BDP_Images/big_FA21017.jpg
Home & Fitness|Kitchen & Dining|Kitchen Tools & Gadgets|Fruit & Vegetable Tools,https://content.abt.com/image.php?width=150&height=110&canvas&image=/images/products/l_12735.jpg
Home & Fitness|Kitchen & Dining|Kitchen Tools & Gadgets|Ice Cream & Whipped Cream Tools,https://content.abt.com/image.php?width=150&height=110&canvas&image=/images/products/l_12741.jpg
Home & Fitness|Kitchen & Dining|Kitchen Tools & Gadgets|Kitchen Scales,https://content.abt.com/image.php?width=150&height=110&canvas&image=/images/dcat_kitchen-scales.jpg
Home & Fitness|Kitchen & Dining|Kitchen Tools & Gadgets|Kitchen Thermometers,https://content.abt.com/image.php?width=150&height=110&canvas&image=/images/dcat_thermometers.jpg
Home & Fitness|Kitchen & Dining|Kitchen Tools & Gadgets|Meat & Poultry Tools,https://content.abt.com/image.php?width=150&height=110&canvas&image=/images/products/l_12820.jpg
Home & Fitness|Kitchen & Dining|Kitchen Tools & Gadgets|Mortars & Pestles,https://content.abt.com/image.php?width=150&height=110&canvas&image=/images/products/l_pg40500417.jpg
Home & Fitness|Kitchen & Dining|Kitchen Tools & Gadgets|Pizza Stones & Tools,https://content.abt.com/image.php?width=150&height=110&canvas&image=/images/products/l_12718.jpg
Home & Fitness|Kitchen & Dining|Kitchen Tools & Gadgets|Salt & Pepper Mills,https://content.abt.com/image.php?width=150&height=110&canvas&image=/images/dcat_saltpepper-mills.jpg
Home & Fitness|Kitchen & Dining|Kitchen Tools & Gadgets|Specialized Tools,https://content.abt.com/image.php?width=150&height=110&canvas&image=/images/products/BDP_Images/big_12827R.jpg
Home & Fitness|Kitchen & Dining|Kitchen Tools & Gadgets|Wine Accessories,https://content.abt.com/image.php?width=150&height=110&canvas&image=/images/dcat_wine-accessories.jpg
Home & Fitness|Kitchen & Dining|Kitchen Utensils,https://content.abt.com/image.php?width=150&height=110&canvas&image=
Home & Fitness|Kitchen & Dining|Kitchen Utensils|Wusthof Emeril,https://content.abt.com/image.php?width=150&height=110&canvas&image=
Home & Fitness|Kitchen & Dining|New West Knifeworks,https://content.abt.com/image.php?width=150&height=110&canvas&image=/images/dcat_NewWestKnifeWorks.jpg
Home & Fitness|Kitchen & Dining|Picnic Baskets & Accessories,https://content.abt.com/image.php?width=150&height=110&canvas&image=/images/dcat_outdoor-dining.jpg
Home & Fitness|Kitchen & Dining|Pot Racks/Utensil Bars,https://content.abt.com/image.php?width=150&height=110&canvas&image=
Home & Fitness|Kitchen & Dining|Sinks & Faucets,https://content.abt.com/image.php?width=150&height=110&canvas&image=/images/dcat_sinks.jpg
Home & Fitness|Kitchen & Dining|Sinks & Faucets|Built-In Soap & Lotion Dispensers,https://content.abt.com/image.php?width=150&height=110&canvas&image=/images/dcat_dispenser.jpg
Home & Fitness|Kitchen & Dining|Sinks & Faucets|Dornbracht Faucets,https://content.abt.com/image.php?width=150&height=110&canvas&image=/images/dcat_dornbracht_faucets.jpg
Home & Fitness|Kitchen & Dining|Sinks & Faucets|Faucets,https://content.abt.com/image.php?width=150&height=110&canvas&image=/images/dcat_faucets.jpg
Home & Fitness|Kitchen & Dining|Sinks & Faucets|Hot Water Dispensers,https://content.abt.com/image.php?width=150&height=110&canvas&image=/images/dcat_hot_water_dispensers.jpg
Home & Fitness|Kitchen & Dining|Sinks & Faucets|Kitchen Sinks,https://content.abt.com/image.php?width=150&height=110&canvas&image=/images/dcat_sinks.jpg
Home & Fitness|Kitchen & Dining|Stand Mixers,https://content.abt.com/image.php?width=150&height=110&canvas&image=
Home & Fitness|Power Tools,https://content.abt.com/image.php?width=150&height=110&canvas&image=/images/products/BDP_Images/PowerTools.jpg
Home & Fitness|Power Tools|Benchtop & Table Saws,https://content.abt.com/image.php?width=150&height=110&canvas&image=/images/dcat_benchtop.jpg
Home & Fitness|Power Tools|Cordless Power Tools,https://content.abt.com/image.php?width=150&height=110&canvas&image=/images/dcat_powertools.jpg
Home & Fitness|Power Tools|Drills & Impacts,https://content.abt.com/image.php?width=150&height=110&canvas&image=/images/dcat_drilling-fastening.jpg
Home & Fitness|Power Tools|Flashlights,https://content.abt.com/image.php?width=150&height=110&canvas&image=/images/dcat_flashlights.png
Home & Fitness|Power Tools|Grinders & Metalworking,https://content.abt.com/image.php?width=150&height=110&canvas&image=/images/dcat_grinders.jpg
Home & Fitness|Power Tools|Hammers & Hammer Drills,https://content.abt.com/image.php?width=150&height=110&canvas&image=/images/dcat_hammers.jpg
Home & Fitness|Power Tools|Lasers & Measuring Instruments,https://content.abt.com/image.php?width=150&height=110&canvas&image=/images/dcat_laser-tools.jpg
Home & Fitness|Power Tools|Oscillating Tools,https://content.abt.com/image.php?width=150&height=110&canvas&image=/images/dcat_oscillating.jpg
Home & Fitness|Power Tools|Power Saws & Woodworking Tools,https://content.abt.com/image.php?width=150&height=110&canvas&image=/images/dcat_power-saws.jpg
Home & Fitness|Power Tools|Power Tool Accessories,https://content.abt.com/image.php?width=150&height=110&canvas&image=/images/dcat_tool-accessories.png
Home & Fitness|Power Tools|Power Tool Accessories|Concrete Drilling,https://content.abt.com/image.php?width=150&height=110&canvas&image=/images/dcat_concrete-drilling.png
Home & Fitness|Power Tools|Power Tool Accessories|Diamond Blades,https://content.abt.com/image.php?width=150&height=110&canvas&image=/images/dcat_diamond-blades.png
Home & Fitness|Power Tools|Power Tool Accessories|Hammer Steel,https://content.abt.com/image.php?width=150&height=110&canvas&image=/images/dcat_hammer-steel.png
Home & Fitness|Power Tools|Power Tool Accessories|Hole Saws,https://content.abt.com/image.php?width=150&height=110&canvas&image=/images/dcat_hole-saw.jpg
Home & Fitness|Power Tools|Power Tool Accessories|Jigsaw Blades,https://content.abt.com/image.php?width=150&height=110&canvas&image=/images/dcat_jigsaw-blades.png
Home & Fitness|Power Tools|Power Tool Accessories|Metal Drilling,https://content.abt.com/image.php?width=150&height=110&canvas&image=/images/dcat_metal-drilling.png
Home & Fitness|Power Tools|Power Tool Accessories|Miscellaneous Tool Accessories,https://content.abt.com/image.php?width=150&height=110&canvas&image=/images/dcat_misc-tool-acc.jpg
Home & Fitness|Power Tools|Power Tool Accessories|Oscillating,https://content.abt.com/image.php?width=150&height=110&canvas&image=/images/dcat_oscillating.png
Home & Fitness|Power Tools|Power Tool Accessories|Power Tool Batteries & Chargers,https://content.abt.com/image.php?width=150&height=110&canvas&image=/images/dcat_tools-batteries.jpg
Home & Fitness|Power Tools|Power Tool Accessories|Rebar Cutters,https://content.abt.com/image.php?width=150&height=110&canvas&image=/images/dcat_rebar-cutters.png
Home & Fitness|Power Tools|Power Tool Accessories|Reciprocating Saw Blades,https://content.abt.com/image.php?width=150&height=110&canvas&image=/images/dcat_recip-saw-blades.png
Home & Fitness|Power Tools|Power Tool Accessories|Router Bits,https://content.abt.com/image.php?width=150&height=110&canvas&image=/images/dcat_router-bits.png
Home & Fitness|Power Tools|Power Tool Accessories|Saw Blades,https://content.abt.com/image.php?width=150&height=110&canvas&image=/images/dcat_saw-blades.png
Home & Fitness|Power Tools|Power Tool Accessories|Tap & Die,https://content.abt.com/image.php?width=150&height=110&canvas&image=/images/dcat_tap-die.png
Home & Fitness|Power Tools|Power Tool Accessories|Tool Adapters,https://content.abt.com/image.php?width=150&height=110&canvas&image=/images/dcat_tool-adapters.png
Home & Fitness|Power Tools|Power Tool Accessories|Tool Attachments,https://content.abt.com/image.php?width=150&height=110&canvas&image=/images/dcat_tools-attachments.png
Home & Fitness|Power Tools|Power Tool Accessories|Wood Drilling,https://content.abt.com/image.php?width=150&height=110&canvas&image=/images/dcat_wood-drilling.png
Home & Fitness|Power Tools|Sanders,https://content.abt.com/image.php?width=150&height=110&canvas&image=/images/dcat_sanders.jpg
Home & Fitness|Power Tools|Storage Solutions,https://content.abt.com/image.php?width=150&height=110&canvas&image=/images/dcat_storage.jpg
Home & Fitness|Power Tools|Work Wear,https://content.abt.com/image.php?width=150&height=110&canvas&image=/images/dcat_work-wear.jpg
TVs & Electronics,https://content.abt.com/image.php?width=150&height=110&canvas&image=/images/dcat_tv_and_video.png
TVs & Electronics|Cameras & Camcorders,https://content.abt.com/image.php?width=150&height=110&canvas&image=/images/dcat_cameras_and_camcorders.png
TVs & Electronics|Cameras & Camcorders|Binoculars,https://content.abt.com/image.php?width=150&height=110&canvas&image=/images/dcat_binoculars.jpg
TVs & Electronics|Cameras & Camcorders|Camcorders & Action Cameras,https://content.abt.com/image.php?width=150&height=110&canvas&image=/images/dcat_camcorders.jpg
TVs & Electronics|Cameras & Camcorders|Camcorders & Action Cameras|Camcorders (Digital/Mini DV),https://content.abt.com/image.php?width=150&height=110&canvas&image=/images/dcat_camcorders_digital_minidv.jpg
TVs & Electronics|Cameras & Camcorders|Camcorders & Action Cameras|Camcorders (DVD),https://content.abt.com/image.php?width=150&height=110&canvas&image=/images/dcat_camcorders_dvd.jpg
TVs & Electronics|Cameras & Camcorders|Camcorders & Action Cameras|Camcorders (Flash Memory) ,https://content.abt.com/image.php?width=150&height=110&canvas&image=/images/dcat_flash_camcorder.jpg
TVs & Electronics|Cameras & Camcorders|Camcorders & Action Cameras|Camcorders (Hard Drive),https://content.abt.com/image.php?width=150&height=110&canvas&image=/images/dcat_camcorders_hard_drive.jpg
TVs & Electronics|Cameras & Camcorders|Camcorders & Action Cameras|Camcorders (Hi8/Digital 8),https://content.abt.com/image.php?width=150&height=110&canvas&image=/images/dcat_camcorders_hi8_digital8.jpg
TVs & Electronics|Cameras & Camcorders|Camcorders & Action Cameras|Camcorders (High Definition),https://content.abt.com/image.php?width=150&height=110&canvas&image=/images/dcat_camcorders_high_definition.jpg
TVs & Electronics|Cameras & Camcorders|Camera & Camcorder Accessories,https://content.abt.com/image.php?width=150&height=110&canvas&image=/images/dcat_camera_accessories.jpg
TVs & Electronics|Cameras & Camcorders|Camera & Camcorder Accessories|Action Camera Accessories,https://content.abt.com/image.php?width=150&height=110&canvas&image=/images/dcat-action-camera-accessories.jpg
TVs & Electronics|Cameras & Camcorders|Camera & Camcorder Accessories|Action Camera Accessories|Action Cam Miscellaneous Accessories,https://content.abt.com/image.php?width=150&height=110&canvas&image=/images/dcat-action-camera-miscellaneous-accessories.jpg
TVs & Electronics|Cameras & Camcorders|Camera & Camcorder Accessories|Action Camera Accessories|Action Cam Mounts & Tripods,https://content.abt.com/image.php?width=150&height=110&canvas&image=/images/dcat-action-cam-mounts.jpg
TVs & Electronics|Cameras & Camcorders|Camera & Camcorder Accessories|Camcorder Accessories,https://content.abt.com/image.php?width=150&height=110&canvas&image=/images/dcat_camcorder_accessories.jpg
TVs & Electronics|Cameras & Camcorders|Camera & Camcorder Accessories|Camcorder Accessories|Camera Lighting,https://content.abt.com/image.php?width=150&height=110&canvas&image=/images/dcat_video_lights.jpg
TVs & Electronics|Cameras & Camcorders|Camera & Camcorder Accessories|Camcorder Bags,https://content.abt.com/image.php?width=150&height=110&canvas&image=/images/dcat_camcorder_bags.jpg
TVs & Electronics|Cameras & Camcorders|Camera & Camcorder Accessories|Camcorder Batteries,https://content.abt.com/image.php?width=150&height=110&canvas&image=/images/dcat_camcorder_batteries.jpg
TVs & Electronics|Cameras & Camcorders|Camera & Camcorder Accessories|Camera & Camcorder Microphones,https://content.abt.com/image.php?width=150&height=110&canvas&image=/images/dcat_camcorder_microphones.jpg
TVs & Electronics|Cameras & Camcorders|Camera & Camcorder Accessories|Camera Cases,https://content.abt.com/image.php?width=150&height=110&canvas&image=/images/dcat_camera_cases.jpg
TVs & Electronics|Cameras & Camcorders|Camera & Camcorder Accessories|Camera Remote Releases,https://content.abt.com/image.php?width=150&height=110&canvas&image=/images/dcat_camera-releases.jpg
TVs & Electronics|Cameras & Camcorders|Camera & Camcorder Accessories|Camera Straps,https://content.abt.com/image.php?width=150&height=110&canvas&image=/images/dcat-camera-straps.jpg
TVs & Electronics|Cameras & Camcorders|Camera & Camcorder Accessories|Digital Camera & Camcorder Accessory Kits,https://content.abt.com/image.php?width=150&height=110&canvas&image=/images/products/BDP_Images/big_9793.jpg
TVs & Electronics|Cameras & Camcorders|Camera & Camcorder Accessories|Digital Camera Batteries & Chargers,https://content.abt.com/image.php?width=150&height=110&canvas&image=/images/dcat_digital_camera_batteries.jpg
TVs & Electronics|Cameras & Camcorders|Camera & Camcorder Accessories|Lens Accessories,https://content.abt.com/image.php?width=150&height=110&canvas&image=/images/dcat_lens_accessories.jpg
TVs & Electronics|Cameras & Camcorders|Camera & Camcorder Accessories|Lenses,https://content.abt.com/image.php?width=150&height=110&canvas&image=/images/dcat_digital_camera_and_camcorder_lenses.jpg
TVs & Electronics|Cameras & Camcorders|Camera & Camcorder Accessories|Memory Cards,https://content.abt.com/image.php?width=150&height=110&canvas&image=/images/dcat_memory_card_storage.jpg
TVs & Electronics|Cameras & Camcorders|Camera & Camcorder Accessories|Neck Strap,https://content.abt.com/image.php?width=150&height=110&canvas&image=
TVs & Electronics|Cameras & Camcorders|Camera & Camcorder Accessories|Tripods,https://content.abt.com/image.php?width=150&height=110&canvas&image=/images/dcat_tripods.jpg
TVs & Electronics|Cameras & Camcorders|Digital Cameras,https://content.abt.com/image.php?width=150&height=110&canvas&image=/images/products/BDP_Images/big_REBELT5I18135KIT.jpg
TVs & Electronics|Cameras & Camcorders|Digital Photo Frames,https://content.abt.com/image.php?width=150&height=110&canvas&image=/images/dcat_digital_frame.jpg
TVs & Electronics|Computers & Tablets,https://content.abt.com/image.php?width=150&height=110&canvas&image=/images/dcat_computers.jpg
TVs & Electronics|Computers & Tablets|Calculators,https://content.abt.com/image.php?width=150&height=110&canvas&image=/images/dcat_calculators.jpg
TVs & Electronics|Computers & Tablets|Computer Accessories,https://content.abt.com/image.php?width=150&height=110&canvas&image=/images/dcat_computer_accessories.jpg
TVs & Electronics|Computers & Tablets|Computer Accessories|Cables & Connections,https://content.abt.com/image.php?width=150&height=110&canvas&image=/images/dcat_cables_and_connections.jpg
TVs & Electronics|Computers & Tablets|Computer Accessories|Cases & Bags,https://content.abt.com/image.php?width=150&height=110&canvas&image=/images/dcat_cases_and_bags.jpg
TVs & Electronics|Computers & Tablets|Computer Accessories|Computer Accessories Sale,https://content.abt.com/image.php?width=150&height=110&canvas&image=/images/dcat_computer_accessories.jpg
TVs & Electronics|Computers & Tablets|Computer Accessories|Computer Hardware,https://content.abt.com/image.php?width=150&height=110&canvas&image=/images/dcat_Computer_hardware.jpg
TVs & Electronics|Computers & Tablets|Computer Accessories|Computer Hardware|Apple TV,https://content.abt.com/image.php?width=150&height=110&canvas&image=/images/dcat_appleTV.jpg
TVs & Electronics|Computers & Tablets|Computer Accessories|Computer Hardware|Computer Memory Upgrade,https://content.abt.com/image.php?width=150&height=110&canvas&image=/images/dcat_memory_upgrade.jpg
TVs & Electronics|Computers & Tablets|Computer Accessories|Computer Hardware|DVD Drives,https://content.abt.com/image.php?width=150&height=110&canvas&image=/images/dcat_dvd_drives.jpg
TVs & Electronics|Computers & Tablets|Computer Accessories|Computer Speakers,https://content.abt.com/image.php?width=150&height=110&canvas&image=/images/dcat_Computer_speakers.jpg
TVs & Electronics|Computers & Tablets|Computer Accessories|External Hard Drives,https://content.abt.com/image.php?width=150&height=110&canvas&image=/images/dcat_external_laptop_drives.jpg
TVs & Electronics|Computers & Tablets|Computer Accessories|iPad & Tablet Accessories,https://content.abt.com/image.php?width=150&height=110&canvas&image=/images/dcat_ipad-acc.jpg
TVs & Electronics|Computers & Tablets|Computer Accessories|iPad & Tablet Accessories|iPad Cables & Docks,https://content.abt.com/image.php?width=150&height=110&canvas&image=/images/dcat_ipad-cables.jpg
TVs & Electronics|Computers & Tablets|Computer Accessories|iPad & Tablet Accessories|iPad Cases,https://content.abt.com/image.php?width=150&height=110&canvas&image=/images/dcat_ipad-cases.jpg
TVs & Electronics|Computers & Tablets|Computer Accessories|iPad & Tablet Accessories|iPad Screen Protectors,https://content.abt.com/image.php?width=150&height=110&canvas&image=/images/dcat_ipad-screen-protect.jpg
TVs & Electronics|Computers & Tablets|Computer Accessories|iPad & Tablet Accessories|iPad Stands,https://content.abt.com/image.php?width=150&height=110&canvas&image=/images/dcat_ipad-stands.jpg
TVs & Electronics|Computers & Tablets|Computer Accessories|iPad & Tablet Accessories|Tablet Accessories,https://content.abt.com/image.php?width=150&height=110&canvas&image=/images/dcat_pda_accessories.jpg
TVs & Electronics|Computers & Tablets|Computer Accessories|iPad & Tablet Accessories|Tablet Stylus,https://content.abt.com/image.php?width=150&height=110&canvas&image=/images/dcat_tablet_stylus.jpg
TVs & Electronics|Computers & Tablets|Computer Accessories|Keyboard,https://content.abt.com/image.php?width=150&height=110&canvas&image=
TVs & Electronics|Computers & Tablets|Computer Accessories|Laptop Accessories,https://content.abt.com/image.php?width=150&height=110&canvas&image=/images/dcat_laptop_accessories.jpg
TVs & Electronics|Computers & Tablets|Computer Accessories|Laptop Accessories|Computer Notebook Batteries,https://content.abt.com/image.php?width=150&height=110&canvas&image=/images/dcat_computer_notebook_batteries.jpg
TVs & Electronics|Computers & Tablets|Computer Accessories|Laptop Accessories|Docking Stations,https://content.abt.com/image.php?width=150&height=110&canvas&image=/images/dcat_laptop_port_replicators.jpg
TVs & Electronics|Computers & Tablets|Computer Accessories|Laptop Accessories|Laptop Power Adapters,https://content.abt.com/image.php?width=150&height=110&canvas&image=/images/dcat_laptop_adapters.jpg
TVs & Electronics|Computers & Tablets|Computer Accessories|Laptop Accessories|Miscellaneous Laptop Accessories,https://content.abt.com/image.php?width=150&height=110&canvas&image=/images/dcat_miscellaneous_laptop_accessories.jpg
TVs & Electronics|Computers & Tablets|Computer Accessories|Mobile Broadband,https://content.abt.com/image.php?width=150&height=110&canvas&image=/images/dcat_mobile-broadband.jpg
TVs & Electronics|Computers & Tablets|Computer Accessories|Mouse & Keyboards,https://content.abt.com/image.php?width=150&height=110&canvas&image=/images/dcat_mouse_and_keyboards.jpg
TVs & Electronics|Computers & Tablets|Computer Accessories|Networking & Wireless,https://content.abt.com/image.php?width=150&height=110&canvas&image=/images/dcat_networking_wireless.jpg
TVs & Electronics|Computers & Tablets|Computer Accessories|Networking & Wireless|Access Points & Switches,https://content.abt.com/image.php?width=150&height=110&canvas&image=/images/dcat_access-points.jpg
TVs & Electronics|Computers & Tablets|Computer Accessories|Networking & Wireless|Home Solutions & Sensors,https://content.abt.com/image.php?width=150&height=110&canvas&image=/images/dcat-home-solutions-sensors.jpg
TVs & Electronics|Computers & Tablets|Computer Accessories|Networking & Wireless|Modems,https://content.abt.com/image.php?width=150&height=110&canvas&image=/images/dcat-modem.jpg
TVs & Electronics|Computers & Tablets|Computer Accessories|Networking & Wireless|Network Switches,https://content.abt.com/image.php?width=150&height=110&canvas&image=/images/dcat-ethernet-switch.jpg
TVs & Electronics|Computers & Tablets|Computer Accessories|Networking & Wireless|Networking Accessories,https://content.abt.com/image.php?width=150&height=110&canvas&image=/images/dcat-networking-accessories.jpg
TVs & Electronics|Computers & Tablets|Computer Accessories|Networking & Wireless|Smart Hubs,https://content.abt.com/image.php?width=150&height=110&canvas&image=/images/dcat-smart-hubs.jpg
TVs & Electronics|Computers & Tablets|Computer Accessories|Networking & Wireless|USB Wi-Fi Adapters,https://content.abt.com/image.php?width=150&height=110&canvas&image=/images/dcat-usb-wifi-adapter.jpg
TVs & Electronics|Computers & Tablets|Computer Accessories|Networking & Wireless|Wi-Fi Boosters,https://content.abt.com/image.php?width=150&height=110&canvas&image=/images/dcat-wireless-extender.jpg
TVs & Electronics|Computers & Tablets|Computer Accessories|Networking & Wireless|Wireless Routers,https://content.abt.com/image.php?width=150&height=110&canvas&image=/images/dcat-wireless-routers.jpg
TVs & Electronics|Computers & Tablets|Computer Accessories|Printer Ink & Toner,https://content.abt.com/image.php?width=150&height=110&canvas&image=/images/products/BDP_Images/big_LC103BK.jpg
TVs & Electronics|Computers & Tablets|Computer Accessories|Printer Ink & Toner|Digital Photo Paper,https://content.abt.com/image.php?width=150&height=110&canvas&image=/images/products/BDP_Images/1_3115B001.jpg
TVs & Electronics|Computers & Tablets|Computer Accessories|Recordable Media ,https://content.abt.com/image.php?width=150&height=110&canvas&image=/images/products/BDP_Images/big_VER94691.jpg
TVs & Electronics|Computers & Tablets|Computer Accessories|Recordable Media |8MM - Hi8MM Tapes,https://content.abt.com/image.php?width=150&height=110&canvas&image=/images/dcat_8mm_hi8mm_tapes.jpg
TVs & Electronics|Computers & Tablets|Computer Accessories|Recordable Media |Audio Cassettes & Mini-Discs,https://content.abt.com/image.php?width=150&height=110&canvas&image=/images/dcat_audio_cassettes_mini_discs.jpg
TVs & Electronics|Computers & Tablets|Computer Accessories|Recordable Media |Blank MiniDiscs,https://content.abt.com/image.php?width=150&height=110&canvas&image=
TVs & Electronics|Computers & Tablets|Computer Accessories|Recordable Media |CD-R & CD-R-W,https://content.abt.com/image.php?width=150&height=110&canvas&image=/images/dcat_cdr_cdr-w.jpg
TVs & Electronics|Computers & Tablets|Computer Accessories|Recordable Media |Cleaning Kits,https://content.abt.com/image.php?width=150&height=110&canvas&image=/images/dcat_cleaning_kits.jpg
TVs & Electronics|Computers & Tablets|Computer Accessories|Recordable Media |MiniDV Tapes,https://content.abt.com/image.php?width=150&height=110&canvas&image=/images/dcat_minidv_tapes.jpg
TVs & Electronics|Computers & Tablets|Computer Accessories|Recordable Media |Recordable DVD Discs,https://content.abt.com/image.php?width=150&height=110&canvas&image=/images/dcat_recordable_dvd_discs.jpg
TVs & Electronics|Computers & Tablets|Computer Accessories|Recordable Media |VHS & VHS-C Tapes,https://content.abt.com/image.php?width=150&height=110&canvas&image=/images/dcat_vhs_vhs-c_tapes.jpg
TVs & Electronics|Computers & Tablets|Computer Accessories|Software,https://content.abt.com/image.php?width=150&height=110&canvas&image=/images/products/BDP_Images/big-QQ2-00597.jpg
TVs & Electronics|Computers & Tablets|Computer Accessories|USB Flash Drive,https://content.abt.com/image.php?width=150&height=110&canvas&image=/images/dcat_USB-FlashDrives.jpg
TVs & Electronics|Computers & Tablets|Computer Accessories|USB Flash Drives & Memory Cards,https://content.abt.com/image.php?width=150&height=110&canvas&image=/images/dcat_USB-MemoryCards.jpg
TVs & Electronics|Computers & Tablets|Computer Accessories|Wireless Cards,https://content.abt.com/image.php?width=150&height=110&canvas&image=/images/dcat_wireless-cards.jpg
TVs & Electronics|Computers & Tablets|Computer Monitors,https://content.abt.com/image.php?width=150&height=110&canvas&image=/images/dcat_computer_monitors.jpg
TVs & Electronics|Computers & Tablets|Desktop Computers,https://content.abt.com/image.php?width=150&height=110&canvas&image=/images/dcat_desktop_computers1.jpg
TVs & Electronics|Computers & Tablets|Digital Readers,https://content.abt.com/image.php?width=150&height=110&canvas&image=/images/dcat_pda.jpg
TVs & Electronics|Computers & Tablets|Gaming PC's,https://content.abt.com/image.php?width=150&height=110&canvas&image=/images/dcat-gaming-pcs.jpg
TVs & Electronics|Computers & Tablets|iPads,https://content.abt.com/image.php?width=150&height=110&canvas&image=/images/dcat-ipad.jpg
TVs & Electronics|Computers & Tablets|Laptops & Notebook Computers,https://content.abt.com/image.php?width=150&height=110&canvas&image=/images/dcat-laptops.jpg
TVs & Electronics|Computers & Tablets|Netbooks,https://content.abt.com/image.php?width=150&height=110&canvas&image=/images/dcat_netbook_computers.jpg
TVs & Electronics|Computers & Tablets|Printers & Scanners,https://content.abt.com/image.php?width=150&height=110&canvas&image=/images/dcat_Printers.jpg
TVs & Electronics|Computers & Tablets|Printers & Scanners|Photo Printers,https://content.abt.com/image.php?width=150&height=110&canvas&image=/images/dcat_photo_printers.jpg
TVs & Electronics|Computers & Tablets|Tablets,https://content.abt.com/image.php?width=150&height=110&canvas&image=/images/dcat_tablet.jpg
TVs & Electronics|Gaming,https://content.abt.com/image.php?width=150&height=110&canvas&image=/images/dcat_Gaming.jpg
TVs & Electronics|Gaming|Drones,https://content.abt.com/image.php?width=150&height=110&canvas&image=/images/dcat_drones.jpg
TVs & Electronics|Gaming|Drones & Accessories,https://content.abt.com/image.php?width=150&height=110&canvas&image=/images/dcat-drones-accessories.jpg
TVs & Electronics|Gaming|Drones & Accessories|Drone Bags & Cases,https://content.abt.com/image.php?width=150&height=110&canvas&image=/images/dcat-drone-bags-cases.jpg
TVs & Electronics|Gaming|Drones & Accessories|Drone Batteries & Accessories,https://content.abt.com/image.php?width=150&height=110&canvas&image=/images/dcat-batteries-accessories.jpg
TVs & Electronics|Gaming|Drones & Accessories|Drone Goggles & Headsets,https://content.abt.com/image.php?width=150&height=110&canvas&image=/images/dcat-drone-goggles-headsets.jpg
TVs & Electronics|Gaming|Drones & Accessories|Drone Propellers & Parts,https://content.abt.com/image.php?width=150&height=110&canvas&image=/images/dcat-drone-propellers-parts.jpg
TVs & Electronics|Gaming|Drones & Accessories|Drone Remote Controllers & Accessories,https://content.abt.com/image.php?width=150&height=110&canvas&image=/images/dcat-drone-remote-controllers-accessories.jpg